x,y,fault_throw_m,lon,lat
665512.86143975,5072439.98454619,10.389168926576524,11.129323187978342,45.785676532328694
665712.86143975,5072439.98454619,9.121540043864899,11.131894390122518,45.78562856492822
665912.86143975,5072439.98454619,28.101311918286317,11.134465585758011,45.78558053970647
666112.86143975,5072439.98454619,37.480569028541474,11.137036774877007,45.78553245666384
666312.86143975,5072439.98454619,37.47392052853394,11.13960795747168,45.785484315800694
666512.86143975,5072439.98454619,37.46647075174066,11.142179133534212,45.785436117117435
666712.86143975,5072439.98454619,37.45818594611443,11.144750303056782,45.785387860614435
666912.86143975,5072439.98454619,37.44910546749538,11.14732146603157,45.78533954629207
667112.86143975,5072439.98454619,37.4394092933608,11.149892622450757,45.78529117415076
667312.86143975,5072439.98454619,37.42952258657645,11.15246377230652,45.78524274419086
667512.86143975,5072439.98454619,37.42025461466605,11.155034915591044,45.78519425641276
667712.86143975,5072439.98454619,37.68918486274569,11.157606052296508,45.78514571081684
667912.86143975,5072439.98454619,38.472469131865545,11.16017718241509,45.785097107403516
668112.86143975,5072439.98454619,38.62831058209865,11.162748305938972,45.78504844617315
665512.86143975,5072639.98454619,14.826284171720006,11.129391711028719,45.78747542376613
665712.86143975,5072639.98454619,7.083985865805734,11.131962995763192,45.787427453372615
665912.86143975,5072639.98454619,6.429544114930214,11.134534273988228,45.787379425154256
666112.86143975,5072639.98454619,24.640939493375075,11.137105545695997,45.78733133911138
666312.86143975,5072639.98454619,37.472506945328085,11.139676810878683,45.787283195244406
666512.86143975,5072639.98454619,37.464093089792335,11.142248069528462,45.78723499355371
666712.86143975,5072639.98454619,37.45444149628289,11.144819321637513,45.78718673403967
666912.86143975,5072639.98454619,37.443441796433724,11.147390567198018,45.78713841670267
667112.86143975,5072639.98454619,37.43109759734921,11.149961806202153,45.7870900415431
667312.86143975,5072639.98454619,37.41767297326379,11.152533038642098,45.78704160856135
667512.86143975,5072639.98454619,37.403945846176825,11.155104264510033,45.7869931177578
667712.86143975,5072639.98454619,37.391569000906316,11.157675483798139,45.78694456913285
667912.86143975,5072639.98454619,37.67723827979569,11.160246696498593,45.78689596268686
668112.86143975,5072639.98454619,38.57921036943917,11.162817902603575,45.78684729842024
668312.86143975,5072639.98454619,40.167275079517026,11.165389102105266,45.78679857633337
665312.86143975,5072839.98454619,15.095645048840897,11.126888866745736,45.78932223011266
665512.86143975,5072839.98454619,15.095936169122435,11.129460240580714,45.78927431455481
665712.86143975,5072839.98454619,11.588552628437187,11.132031607913312,45.789226341168096
665912.86143975,5072839.98454619,6.426444539778962,11.134602968735704,45.7891783099529
666112.86143975,5072839.98454619,6.4343823183368745,11.137174323040071,45.78913022090961
666312.86143975,5072839.98454619,23.890005626435787,11.13974567081859,45.78908207403862
666512.86143975,5072839.98454619,37.4629464330403,11.142317012063438,45.78903386934029
666712.86143975,5072839.98454619,37.45204565633389,11.144888346766795,45.78898560681502
666912.86143975,5072839.98454619,37.43913982770191,11.147459674920835,45.788937286463195
667112.86143975,5072839.98454619,37.423915678901565,11.150030996517739,45.78888890828519
667312.86143975,5072839.98454619,37.40622497356884,11.152602311549687,45.7888404722814
667512.86143975,5072839.98454619,37.3864325282701,11.155173620008854,45.78879197845221
667712.86143975,5072839.98454619,37.366126697547585,11.15774492188742,45.788743426798
667912.86143975,5072839.98454619,37.60991476374808,11.160316217177567,45.78869481731916
668112.86143975,5072839.98454619,38.41636541337814,11.162887505871467,45.7886461500161
668312.86143975,5072839.98454619,40.11951854482014,11.165458787961304,45.78859742488918
668512.86143975,5072839.98454619,42.53166312585674,11.168030063439256,45.78854864193878
668712.86143975,5072839.98454619,44.53945271940799,11.170601332297503,45.78849980116532
665112.86143975,5073039.98454619,14.940051415763687,11.124385857256405,45.79116898395721
665312.86143975,5073039.98454619,15.095628978389461,11.126957320193407,45.7911211232424
665512.86143975,5073039.98454619,15.095964674319072,11.129528776635091,45.79107320469475
665712.86143975,5073039.98454619,15.09631647513745,11.132100226573632,45.79102522831461
665912.86143975,5073039.98454619,7.081633282681783,11.13467167000121,45.79097719410242
666112.86143975,5073039.98454619,6.43082503182372,11.137243106909995,45.79092910205851
666312.86143975,5073039.98454619,6.441107837554628,11.13981453729217,45.7908809521833
666512.86143975,5073039.98454619,20.363322663671855,11.142385961139908,45.79083274447715
666712.86143975,5073039.98454619,37.451634813860366,11.14495737844539,45.790784478940466
666912.86143975,5073039.98454619,37.4371482817791,11.14752878920079,45.7907361555736
667112.86143975,5073039.98454619,37.41923074325246,11.150100193398284,45.79068777437698
667312.86143975,5073039.98454619,37.39700011471225,11.152671591030055,45.79063933535095
667512.86143975,5073039.98454619,37.369718137500435,11.155242982088275,45.79059083849592
667712.86143975,5073039.98454619,37.337700249543666,11.157814366565127,45.79054228381227
667912.86143975,5073039.98454619,37.30475750525207,11.160385744452784,45.7904936713004
668112.86143975,5073039.98454619,37.57609115531496,11.162957115743424,45.790445000960695
668312.86143975,5073039.98454619,40.02573193180753,11.165528480429229,45.790396272793515
668512.86143975,5073039.98454619,42.5326240435203,11.168099838502375,45.79034748679929
668712.86143975,5073039.98454619,45.964953117141505,11.17067118995504,45.79029864297838
668912.86143975,5073039.98454619,45.981341774412556,11.173242534779403,45.79024974133117
664912.86143975,5073239.98454619,19.32407149853705,11.121882682543559,45.793015685289134
665112.86143975,5073239.98454619,14.939952782389625,11.124454234584105,45.79296787942475
665312.86143975,5073239.98454619,14.940490935029276,11.127025780136398,45.792920015723546
665512.86143975,5073239.98454619,15.095976058782071,11.12959731919261,45.7928720941859
665712.86143975,5073239.98454619,15.096391358940028,11.132168851744918,45.79282411481218
665912.86143975,5073239.98454619,12.784632968114364,11.1347403777855,45.79277607760276
666112.86143975,5073239.98454619,6.425646720432936,11.13731189730653,45.79272798255807
666312.86143975,5073239.98454619,6.437073040477193,11.139883410300182,45.79267982967844
666512.86143975,5073239.98454619,6.450853742345811,11.142454916758636,45.792631618964286
666712.86143975,5073239.98454619,16.837068513774263,11.145026416674066,45.792583350415974
666912.86143975,5073239.98454619,37.43852422265551,11.147597910038646,45.7925350240339
667112.86143975,5073239.98454619,37.418806915192924,11.150169396844557,45.79248663981845
667312.86143975,5073239.98454619,37.39286273167852,11.152740877083971,45.79243819777
667512.86143975,5073239.98454619,37.3580785092406,11.155312350749067,45.79238969788895
667712.86143975,5073239.98454619,37.31124333761399,11.157883817832023,45.79234114017569
667912.86143975,5073239.98454619,37.251024383504934,11.160455278325013,45.79229252463057
668112.86143975,5073239.98454619,39.02025794449703,11.163026732220219,45.792243851254014
668312.86143975,5073239.98454619,38.321406103411995,11.165598179509812,45.792195120046415
668512.86143975,5073239.98454619,42.545381734360824,11.168169620185973,45.792146331008134
668712.86143975,5073239.98454619,45.9684288186129,11.170741054240878,45.792097484139575
668912.86143975,5073239.98454619,45.99458064983701,11.173312481666706,45.79204857944112
669112.86143975,5073239.98454619,46.004128730278225,11.175883902455633,45.791999616913174
664912.86143975,5073439.98454619,23.71780775445681,11.121950983735642,45.79481458309127
665112.86143975,5073439.98454619,15.700380978830964,11.124522618400063,45.79476677424391
665312.86143975,5073439.98454619,14.940404925048686,11.127094246575467,45.794718907556124
665512.86143975,5073439.98454619,15.095959538767591,11.129665868254033,45.79467098302828
665712.86143975,5073439.98454619,15.096454117405443,11.132237483427934,45.79462300066077
665912.86143975,5073439.98454619,15.096971328162626,11.134809092089345,45.79457496045398
666112.86143975,5073439.98454619,7.0763752793619945,11.13738069423044,45.794526862408276
666312.86143975,5073439.98454619,6.430702601523721,11.139952289843398,45.794478706524046
666512.86143975,5073439.98454619,6.446457435473467,11.142523878920388,45.79443049280169
666712.86143975,5073439.98454619,6.465727226591307,11.145095461453588,45.79438222124156
666912.86143975,5073439.98454619,11.26219122666845,11.147667037435175,45.7943338918441
667112.86143975,5073439.98454619,34.95367109676757,11.150238606857323,45.79428550460963
667312.86143975,5073439.98454619,34.951580077499486,11.152810169712206,45.79423705953856
667512.86143975,5073439.98454619,37.358341638168284,11.155381725992001,45.79418855663128
667712.86143975,5073439.98454619,37.29922958356971,11.157953275688886,45.79413999588818
667912.86143975,5073439.98454619,37.20441046124406,11.160524818795036,45.794091377309655
668112.86143975,5073439.98454619,37.053407474487884,11.163096355302622,45.79404270089607
668312.86143975,5073439.98454619,37.292894836950424,11.165667885203828,45.793993966647825
668512.86143975,5073439.98454619,44.19861158567597,11.168239408490827,45.793945174565316
668712.86143975,5073439.98454619,45.990744739158494,11.170810925155793,45.79389632464892
668912.86143975,5073439.98454619,46.02549255772752,11.17338243519091,45.79384741689904
669112.86143975,5073439.98454619,46.02423046677218,11.175953938588346,45.79379845131604
669312.86143975,5073439.98454619,46.01777609326756,11.178525435340282,45.793749427900316
669512.86143975,5073439.98454619,46.011839516272055,11.181096925438895,45.793700346652294
664712.86143975,5073639.98454619,22.321530346719143,11.119447567630846,45.79666123423127
664912.86143975,5073639.98454619,22.327562273592473,11.122019291408911,45.79661348024517
665112.86143975,5073639.98454619,20.42092064557329,11.12459100870503,45.79656566841465
665312.86143975,5073639.98454619,14.940241057708077,11.127162719511375,45.79651779874009
665512.86143975,5073639.98454619,14.941042914826701,11.12973442382012,45.79646987122189
665712.86143975,5073639.98454619,15.096491831560893,11.13230612162344,45.79642188586039
665912.86143975,5073639.98454619,15.097129343327905,11.134877812913505,45.79637384265602
666112.86143975,5073639.98454619,12.79912450137476,11.137449497682493,45.79632574160912
666312.86143975,5073639.98454619,6.421022790683714,11.140021175922577,45.7962775827201
666512.86143975,5073639.98454619,6.438557392368899,11.142592847625929,45.79622936598934
666712.86143975,5073639.98454619,6.461538471997961,11.145164512784726,45.79618109141723
666912.86143975,5073639.98454619,7.274562129365666,11.147736171391143,45.796132759004145
667112.86143975,5073639.98454619,9.182855943213971,11.15030782343735,45.79608436875047
667312.86143975,5073639.98454619,33.61311814254336,11.152879468915529,45.79603592065661
667512.86143975,5073639.98454619,36.67552884176941,11.155451107817848,45.79598741472291
667712.86143975,5073639.98454619,34.91832501171614,11.158022740136483,45.795938850949796
667912.86143975,5073639.98454619,37.21542666100765,11.160594365863615,45.795890229337644
668112.86143975,5073639.98454619,36.97353437952768,11.163165984991412,45.795841549886845
668312.86143975,5073639.98454619,36.14399249324131,11.165737597512052,45.79579281259777
668512.86143975,5073639.98454619,44.66951670030421,11.168309203417712,45.795744017470824
668712.86143975,5073639.98454619,46.14109880788438,11.170880802700564,45.79569516450639
668912.86143975,5073639.98454619,46.07893473346508,11.17345239535279,45.79564625370486
669112.86143975,5073639.98454619,46.997694919628906,11.17602398136656,45.79559728506663
669312.86143975,5073639.98454619,48.48970546037064,11.17859556073405,45.79554825859208
669512.86143975,5073639.98454619,43.7998802333137,11.181167133447442,45.7954991742816
669712.86143975,5073639.98454619,46.48662059536022,11.183738699498905,45.79545003213559
664712.86143975,5073839.98454619,21.641033634356692,11.11951579914578,45.79846013371672
664912.86143975,5073839.98454619,22.323930225907983,11.12208760556413,45.79841237675088
665112.86143975,5073839.98454619,23.72013414164627,11.124659405499774,45.79836456193699
665312.86143975,5073839.98454619,15.307950276042947,11.127231198944886,45.79831668927547
665512.86143975,5073839.98454619,14.940894251264229,11.129802985891635,45.79826875876669
665712.86143975,5073839.98454619,15.096481657828702,11.132374766332198,45.798220770411035
665912.86143975,5073839.98454619,15.0972799502232,11.134946540258746,45.798172724208875
666112.86143975,5073839.98454619,14.992073334993995,11.13751830766345,45.7981246201606
666312.86143975,5073839.98454619,7.063813318385703,11.140090068538488,45.7980764582666
666512.86143975,5073839.98454619,6.425262198266609,11.142661822876027,45.79802823852725
666712.86143975,5073839.98454619,6.451872787494925,11.145233570668246,45.79797996094296
666912.86143975,5073839.98454619,6.488088554642696,11.147805311907316,45.797931625514074
667112.86143975,5073839.98454619,7.3181325640237045,11.150377046585414,45.797883232241
667312.86143975,5073839.98454619,9.776129023159633,11.152948774694707,45.79783478112412
667512.86143975,5073839.98454619,31.77672321624664,11.155520496227375,45.79778627216383
667712.86143975,5073839.98454619,33.05874999591894,11.158092211175589,45.79773770536051
667912.86143975,5073839.98454619,37.08317866241217,11.160663919531526,45.797689080714534
668112.86143975,5073839.98454619,40.1575147935611,11.163235621287354,45.797640398226314
668312.86143975,5073839.98454619,41.952177720341176,11.165807316435256,45.79759165789622
668512.86143975,5073839.98454619,59.82168926139539,11.168379004967402,45.79754285972465
668712.86143975,5073839.98454619,50.154382682907325,11.170950686875965,45.79749400371199
668912.86143975,5073839.98454619,44.27617202029782,11.173522362153124,45.797445089858634
669112.86143975,5073839.98454619,44.09714192155863,11.176094030791052,45.79739611816496
669312.86143975,5073839.98454619,44.042619065884054,11.178665692781921,45.79734708863137
669512.86143975,5073839.98454619,44.020932178012664,11.181237348117913,45.79729800125825
669712.86143975,5073839.98454619,40.913281489610846,11.183808996791196,45.797248856046004
669912.86143975,5073839.98454619,40.88392684307931,11.18638063879395,45.79719965299499
664712.86143975,5074039.98454619,21.6400635148717,11.119584037135592,45.800259032554145
664912.86143975,5074039.98454619,22.318900963340244,11.122155926202053,45.800211272608344
665112.86143975,5074039.98454619,22.32813392858051,11.12472780878505,45.80016345481092
665312.86143975,5074039.98454619,23.22853077393539,11.127299684876755,45.80011557916225
665512.86143975,5074039.98454619,14.940584617141475,11.129871554469336,45.8000676456627
665712.86143975,5074039.98454619,14.941902714816836,11.132443417554969,45.800019654312685
665912.86143975,5074039.98454619,15.097397738840401,11.135015274125825,45.79997160511256
666112.86143975,5074039.98454619,14.992994302667274,11.137587124174075,45.79992349806271
666312.86143975,5074039.98454619,15.734174343161992,11.140158967691892,45.799875333163534
666512.86143975,5074039.98454619,5.721641171740768,11.142730804671446,45.79982711041541
666712.86143975,5074039.98454619,6.432596317450399,11.145302635104914,45.79977882981873
666912.86143975,5074039.98454619,6.477506060717256,11.147874458984466,45.79973049137385
667112.86143975,5074039.98454619,7.310690520323187,11.150446276302276,45.79968209508119
667312.86143975,5074039.98454619,9.218748224117517,11.153018087050516,45.79963364094112
667512.86143975,5074039.98454619,10.74634291566668,11.155589891221355,45.79958512895403
667712.86143975,5074039.98454619,30.552242986784787,11.158161688806974,45.7995365591203
667912.86143975,5074039.98454619,30.581955041905722,11.160733479799543,45.79948793144032
668112.86143975,5074039.98454619,41.91140621412874,11.16330526419123,45.799439245914485
668312.86143975,5074039.98454619,38.040973569007306,11.165877041974218,45.799390502543176
668512.86143975,5074039.98454619,75.60369801850413,11.168448813140675,45.79934170132679
668712.86143975,5074039.98454619,43.387301808040604,11.171020577682773,45.79929284226571
668912.86143975,5074039.98454619,39.028458588682454,11.17359233559269,45.799243925360315
669112.86143975,5074039.98454619,35.98056834904017,11.176164086862599,45.79919495061102
669312.86143975,5074039.98454619,36.18483088373343,11.178735831484675,45.79914591801819
669512.86143975,5074039.98454619,36.2831383965669,11.18130756945109,45.79909682758223
669712.86143975,5074039.98454619,33.2090859701127,11.183879300754018,45.79904767930355
669912.86143975,5074039.98454619,33.2413483164431,11.186451025385635,45.79899847318249
670112.86143975,5074039.98454619,33.25825612434178,11.189022743338118,45.798949209219494
664712.86143975,5074239.98454619,21.63877346036474,11.11965228160104,45.80205793074351
664912.86143975,5074239.98454619,21.640225793339518,11.122224253323441,45.80201016781757
665112.86143975,5074239.98454619,22.322305660317834,11.12479621856162,45.8019623470364
665312.86143975,5074239.98454619,23.725020754203406,11.127368177307746,45.80191446840039
665512.86143975,5074239.98454619,17.446944524998393,11.129940129553988,45.801866531909894
665712.86143975,5074239.98454619,14.941598452029593,11.132512075292519,45.80181853756532
665912.86143975,5074239.98454619,15.097426521447387,11.13508401451551,45.80177048536704
666112.86143975,5074239.98454619,15.09891624914618,11.137655947215134,45.80172237531543
666312.86143975,5074239.98454619,15.270143253458338,11.140227873383557,45.80167420741089
666512.86143975,5074239.98454619,7.117428699101919,11.142799793012955,45.80162598165379
666712.86143975,5074239.98454619,5.734789927469211,11.145371706095498,45.801577698044525
666912.86143975,5074239.98454619,6.447598369503534,11.14794361262336,45.80152935658349
667112.86143975,5074239.98454619,6.53783027377478,11.150515512588708,45.801480957271025
667312.86143975,5074239.98454619,9.206707691610877,11.153087405983717,45.801432500107566
667512.86143975,5074239.98454619,10.775162803233215,11.15565929280056,45.80138398509349
667712.86143975,5074239.98454619,10.783327473307494,11.15823117303141,45.80133541222916
667912.86143975,5074239.98454619,44.917861521413954,11.160803046668434,45.80128678151498
668112.86143975,5074239.98454619,43.78643195724527,11.16337491370381,45.80123809295133
668312.86143975,5074239.98454619,29.25041352804117,11.165946774129708,45.80118934653862
668512.86143975,5074239.98454619,72.3617580481872,11.168518627938301,45.801140542277224
668712.86143975,5074239.98454619,45.054366945182785,11.171090475121762,45.801091680167524
668912.86143975,5074239.98454619,40.30603220749576,11.173662315672265,45.80104276020991
669112.86143975,5074239.98454619,34.71008549271722,11.176234149581981,45.80099378240479
669312.86143975,5074239.98454619,28.737521867974372,11.178805976843085,45.80094474675253
669512.86143975,5074239.98454619,28.783044724985228,11.18137779744775,45.80089565325354
669712.86143975,5074239.98454619,36.308112237615035,11.18394961138815,45.80084650190821
669912.86143975,5074239.98454619,36.38366011594305,11.186521418656458,45.80079729271693
670112.86143975,5074239.98454619,32.79022107413622,11.189093219244848,45.80074802568007
664512.86143975,5074439.98454619,21.469321541756823,11.117148471679556,45.80390453633184
664712.86143975,5074439.98454619,21.470220746994926,11.119720532542882,45.8038568282848
664912.86143975,5074439.98454619,21.638545761673342,11.122292586929053,45.80380906237855
665112.86143975,5074439.98454619,21.640712097828096,11.124864634830242,45.80376123861344
665312.86143975,5074439.98454619,22.329387100675582,11.127436676238618,45.803713356989896
665512.86143975,5074439.98454619,25.68955843892283,11.13000871114635,45.80366541750826
665712.86143975,5074439.98454619,15.30511940995123,11.13258073954561,45.80361742016894
665912.86143975,5074439.98454619,14.943423699322222,11.135152761428564,45.80356936497231
666112.86143975,5074439.98454619,15.099350534104195,11.137724776787389,45.80352125191875
666312.86143975,5074439.98454619,15.270386560375597,11.140296785614249,45.803473081008654
666512.86143975,5074439.98454619,19.09414180227099,11.142868787901318,45.80342485224239
666712.86143975,5074439.98454619,5.7019218276875385,11.145440783640765,45.80337656562036
666912.86143975,5074439.98454619,5.753088395370729,11.148012772824762,45.80332822114294
667112.86143975,5074439.98454619,6.4893167655985575,11.150584755445479,45.803279818810516
667312.86143975,5074439.98454619,7.452765966857865,11.15315673149509,45.80323135862347
667512.86143975,5074439.98454619,10.78872723431438,11.15572870096576,45.803182840582195
667712.86143975,5074439.98454619,9.997471464739949,11.158300663849666,45.80313426468708
667912.86143975,5074439.98454619,26.688348970052438,11.160872620138978,45.80308563093851
668112.86143975,5074439.98454619,54.04268284032361,11.163444569825865,45.80303693933686
668312.86143975,5074439.98454619,68.3137961935831,11.166016512902504,45.80298818988255
668512.86143975,5074439.98454619,9.307877462523999,11.16858844936106,45.80293938257594
668712.86143975,5074439.98454619,18.4884562962895,11.17116037919371,45.802890517417424
668912.86143975,5074439.98454619,18.623932738983463,11.173732302392626,45.8028415944074
669112.86143975,5074439.98454619,19.242282072202737,11.176304218949976,45.802792613546245
669312.86143975,5074439.98454619,19.75253485272583,11.178876128857937,45.80274357483438
669512.86143975,5074439.98454619,17.772149887714008,11.18144803210868,45.80269447827216
669712.86143975,5074439.98454619,16.27680925249531,11.184019928694374,45.80264532385999
669912.86143975,5074439.98454619,16.30806062125386,11.186591818607198,45.80259611159827
670112.86143975,5074439.98454619,20.7459598005724,11.189163701839322,45.80254684148739
670312.86143975,5074439.98454619,20.762695331696357,11.191735578382916,45.80249751352773
664512.86143975,5074639.98454619,21.445552004337223,11.117216646426192,45.80570343620199
664712.86143975,5074639.98454619,21.468393199814617,11.119788789961875,45.80565572517804
664912.86143975,5074639.98454619,21.469678814555024,11.122360927019647,45.80560795629127
665112.86143975,5074639.98454619,21.63846490672409,11.124933057591678,45.80556012954205
665312.86143975,5074639.98454619,22.31854413908548,11.127505181670134,45.805512244930775
665512.86143975,5074639.98454619,25.407477209672223,11.130077299247187,45.80546430245781
665712.86143975,5074639.98454619,20.50699319109562,11.132649410315002,45.805416302123554
665912.86143975,5074639.98454619,14.942577967078638,11.135221514865751,45.805368243928385
666112.86143975,5074639.98454619,15.09963030262789,11.137793612891606,45.805320127872676
666312.86143975,5074639.98454619,14.996463281861866,11.140365704384733,45.805271953956826
666512.86143975,5074639.98454619,19.093419926275526,11.142937789337301,45.80522372218122
666712.86143975,5074639.98454619,17.083696512765997,11.145509867741483,45.80517543254623
666912.86143975,5074639.98454619,5.670162783249824,11.148081939589446,45.805127085052234
667112.86143975,5074639.98454619,5.762024036032837,11.15065400487336,45.80507867969965
667312.86143975,5074639.98454619,6.738596548406076,11.153226063585397,45.805030216488824
667512.86143975,5074639.98454619,10.285100739373709,11.155798115717726,45.804981695420175
667712.86143975,5074639.98454619,9.967815676912812,11.15837016126252,45.80493311649406
667912.86143975,5074639.98454619,10.963126645279766,11.160942200211943,45.80488447971091
668112.86143975,5074639.98454619,48.557266025861175,11.163514232558175,45.80483578507107
668312.86143975,5074639.98454619,82.68005336323485,11.166086258293378,45.80478703257496
668512.86143975,5074639.98454619,25.59662938501939,11.168658277409728,45.804738222222944
668712.86143975,5074639.98454619,18.824198639066587,11.171230289899393,45.80468935401542
668912.86143975,5074639.98454619,14.695137777090844,11.173802295754548,45.80464042795279
669112.86143975,5074639.98454619,14.679359823434865,11.176374294967362,45.80459144403543
669312.86143975,5074639.98454619,13.807118075483078,11.178946287530007,45.80454240226373
669512.86143975,5074639.98454619,12.554804062254437,11.181518273434653,45.80449330263809
669712.86143975,5074639.98454619,12.567443344333807,11.184090252673473,45.80444414515889
669912.86143975,5074639.98454619,13.197080945593573,11.186662225238639,45.804394929826536
670112.86143975,5074639.98454619,13.2084777083545,11.189234191122322,45.80434565664142
670312.86143975,5074639.98454619,10.890213896204521,11.191806150316696,45.80429632560392
664512.86143975,5074839.98454619,21.41318865770701,11.117284827642909,45.80750233542425
664712.86143975,5074839.98454619,21.4441045175042,11.119857053858782,45.807454621423204
664912.86143975,5074839.98454619,21.466995503671264,11.122429273595987,45.80740684955573
665112.86143975,5074839.98454619,21.46898405297469,11.125001486846688,45.8073590198222
665312.86143975,5074839.98454619,21.63891918013357,11.127573693603056,45.807311132223006
665512.86143975,5074839.98454619,22.62253961616969,11.130145893857257,45.807263186758526
665712.86143975,5074839.98454619,28.236365290797803,11.132718087601463,45.80721518342914
665912.86143975,5074839.98454619,12.914578862242129,11.135290274827838,45.80716712223524
666112.86143975,5074839.98454619,14.946802107907919,11.137862455528552,45.8071190031772
666312.86143975,5074839.98454619,15.001400491637906,11.140434629695775,45.807070826255405
666512.86143975,5074839.98454619,20.539324917627614,11.143006797321673,45.80702259147024
666712.86143975,5074839.98454619,28.268177513010496,11.145578958398417,45.8069742988221
666912.86143975,5074839.98454619,5.285341807552926,11.148151112918177,45.80692594831135
667112.86143975,5074839.98454619,5.253393728099386,11.150723260873118,45.80687753993839
667312.86143975,5074839.98454619,4.980244928831538,11.153295402255413,45.80682907370361
667512.86143975,5074839.98454619,9.062093870498494,11.15586753705723,45.80678054960738
667712.86143975,5074839.98454619,9.288719806558571,11.158439665270738,45.8067319676501
667912.86143975,5074839.98454619,10.777309858668334,11.161011786888107,45.80668332783216
668112.86143975,5074839.98454619,53.98336589320111,11.163583901901506,45.80663463015394
668312.86143975,5074839.98454619,57.47825613350272,11.166156010303107,45.80658587461583
668512.86143975,5074839.98454619,16.802607412839635,11.168728112085079,45.80653706121822
668712.86143975,5074839.98454619,12.848033080238107,11.171300207239591,45.806488189961506
668912.86143975,5074839.98454619,10.094066932830927,11.173872295758814,45.806439260846055
669112.86143975,5074839.98454619,10.089820620263723,11.176444377634917,45.80639027387228
669312.86143975,5074839.98454619,10.363058966506784,11.179016452860074,45.80634122904057
669512.86143975,5074839.98454619,10.366639915635007,11.181588521426452,45.806292126351316
669712.86143975,5074839.98454619,10.444953200782273,11.184160583326225,45.80624296580489
669912.86143975,5074839.98454619,10.66649660006666,11.186732638551561,45.80619374740172
670112.86143975,5074839.98454619,10.66820410764128,11.189304687094634,45.806144471142154
670312.86143975,5074839.98454619,10.574011689603685,11.191876728947612,45.806095137026624
664512.86143975,5075039.98454619,21.41230914513593,11.117353015330462,45.80930123399862
664712.86143975,5075039.98454619,21.411675911796213,11.119925324234359,45.80925351702028
664912.86143975,5075039.98454619,21.411078244501397,11.122497626658827,45.809205742171905
665112.86143975,5075039.98454619,21.464664829550568,11.125069922596031,45.80915790945388
665312.86143975,5075039.98454619,21.63334635660087,11.127642212038143,45.809110018866576
665512.86143975,5075039.98454619,21.83295578121744,11.130214494977327,45.80906207041039
665712.86143975,5075039.98454619,28.60872809843977,11.132786771405753,45.80901406408569
665912.86143975,5075039.98454619,22.864005302072883,11.135359041315583,45.808965999892855
666112.86143975,5075039.98454619,13.755295562042628,11.13793130469899,45.808917877832286
666312.86143975,5075039.98454619,15.109607602884177,11.14050356154814,45.80886969790436
666512.86143975,5075039.98454619,18.731094393321463,11.143075811855201,45.80882146010946
666712.86143975,5075039.98454619,29.23272067118806,11.145648055612337,45.80877316444796
666912.86143975,5075039.98454619,28.956238173036354,11.148220292811724,45.80872481092027
667112.86143975,5075039.98454619,6.546670749848358,11.150792523445523,45.80867639952676
667312.86143975,5075039.98454619,9.636476991413769,11.153364747505908,45.80862793026782
667512.86143975,5075039.98454619,13.490631639247828,11.15593696498504,45.80857940314381
667712.86143975,5075039.98454619,27.26276585364215,11.158509175875094,45.80853081815517
667912.86143975,5075039.98454619,20.190243169957007,11.161081380168238,45.80848217530225
668112.86143975,5075039.98454619,26.410114899600305,11.163653577856637,45.80843347458544
668312.86143975,5075039.98454619,45.12563981407894,11.166225768932467,45.80838471600516
668512.86143975,5075039.98454619,12.282895846044376,11.168797953387887,45.808335899561754
668712.86143975,5075039.98454619,8.984618141473756,11.171370131215076,45.808287025255645
668912.86143975,5075039.98454619,8.384122275484293,11.173942302406196,45.80823809308719
669112.86143975,5075039.98454619,8.35803945133558,11.17651446695342,45.80818910305682
669312.86143975,5075039.98454619,8.351089268167815,11.179086624848921,45.80814005516489
669512.86143975,5075039.98454619,8.349342353741443,11.18165877608486,45.80809094941183
669712.86143975,5075039.98454619,7.822756749325487,11.184230920653414,45.80804178579798
669912.86143975,5075039.98454619,7.8203791339610165,11.186803058546749,45.807992564323776
670112.86143975,5075039.98454619,7.819180067337791,11.189375189757039,45.80794328498959
670312.86143975,5075039.98454619,7.480240623042951,11.191947314276451,45.807893947795826
664512.86143975,5075239.98454619,21.517231118811146,11.117421209489612,45.81110013192509
664712.86143975,5075239.98454619,21.51498562232549,11.119993601089362,45.81105241196928
664912.86143975,5075239.98454619,21.40927542211833,11.122565986208928,45.81100463413981
665112.86143975,5075239.98454619,21.40798758554549,11.12513836484047,45.81095679843709
665312.86143975,5075239.98454619,21.438542499827527,11.127710736976157,45.810908904861485
665512.86143975,5075239.98454619,21.631483941257024,11.130283102608157,45.810860953413396
665712.86143975,5075239.98454619,22.63298746442534,11.132855461728633,45.810812944093186
665912.86143975,5075239.98454619,29.8968207465515,11.135427814329754,45.810764876901246
666112.86143975,5075239.98454619,15.499781100536069,11.138000160403687,45.81071675183796
666312.86143975,5075239.98454619,14.955457699355259,11.140572499942595,45.8106685689037
666512.86143975,5075239.98454619,17.848491832650886,11.143144832938649,45.81062032809887
666712.86143975,5075239.98454619,29.501821283471678,11.145717159384013,45.81057202942383
666912.86143975,5075239.98454619,27.977672837648992,11.148289479270858,45.810523672879
667112.86143975,5075239.98454619,3.4789344467030046,11.150861792591346,45.810475258464734
667312.86143975,5075239.98454619,2.495232584075826,11.153434099337648,45.81042678618143
667512.86143975,5075239.98454619,11.185207235311506,11.156006399501932,45.81037825602949
667712.86143975,5075239.98454619,34.873321389056784,11.158578693076365,45.81032966800928
667912.86143975,5075239.98454619,23.0757147104445,11.161150980053112,45.81028102212118
668112.86143975,5075239.98454619,12.91343307874537,11.163723260424344,45.81023231836561
668312.86143975,5075239.98454619,33.4071546260352,11.166295534182227,45.81018355674293
668512.86143975,5075239.98454619,6.71624214139647,11.168867801318934,45.81013473725354
668712.86143975,5075239.98454619,7.840504688664523,11.171440061826626,45.81008585989783
668912.86143975,5075239.98454619,7.29448119756331,11.174012315697475,45.8100369246762
669112.86143975,5075239.98454619,4.726372851873512,11.176584562923653,45.80998793158903
669312.86143975,5075239.98454619,4.697194467180801,11.179156803497321,45.8099388806367
669512.86143975,5075239.98454619,5.621868730661595,11.181729037410653,45.8098897718196
669712.86143975,5075239.98454619,4.753430329213488,11.18430126465582,45.80984060513815
669912.86143975,5075239.98454619,4.746643243876359,11.186873485224986,45.80979138059273
670112.86143975,5075239.98454619,4.742199374499069,11.18944569911032,45.80974209818371
670312.86143975,5075239.98454619,4.739140989593845,11.192017906303997,45.80969275791151
670512.86143975,5075239.98454619,4.034636567722095,11.194590106798183,45.80964335977653
664512.86143975,5075439.98454619,21.564121772292662,11.117489410121115,45.812899029203635
664712.86143975,5075439.98454619,21.56189476492376,11.120061884424555,45.812851306270154
664912.86143975,5075439.98454619,21.558487006450083,11.122634352247049,45.81280352545942
665112.86143975,5075439.98454619,21.508665363578032,11.125206813580762,45.81275568677182
665312.86143975,5075439.98454619,21.401590623904504,11.12777926841786,45.812707790207725
665512.86143975,5075439.98454619,21.427513733422487,11.130351716750507,45.81265983576754
665712.86143975,5075439.98454619,21.820491500923733,11.132924158570871,45.812611823451626
665912.86143975,5075439.98454619,28.988744121622766,11.135496593871114,45.81256375326038
666112.86143975,5075439.98454619,23.79261321040644,11.138069022643403,45.812515625194166
666312.86143975,5075439.98454619,6.4434682606649725,11.140641444879904,45.8124674392534
666512.86143975,5075439.98454619,29.358029928940653,11.143213860572784,45.812419195438444
666712.86143975,5075439.98454619,26.117206098132268,11.14578626971421,45.81237089374968
666912.86143975,5075439.98454619,20.418739841235574,11.148358672296345,45.81232253418751
667112.86143975,5075439.98454619,5.788357716232733,11.150931068311355,45.812274116752306
667312.86143975,5075439.98454619,4.4397499920502455,11.15350345775141,45.812225641444456
667512.86143975,5075439.98454619,2.0212322892228833,11.156075840608674,45.81217710826436
667712.86143975,5075439.98454619,30.6842942238287,11.158648216875315,45.812128517212386
667912.86143975,5075439.98454619,14.742850507683482,11.161220586543502,45.81207986828893
668112.86143975,5075439.98454619,23.879348445160986,11.163792949605396,45.81203116149438
668312.86143975,5075439.98454619,29.386863359362312,11.166365306053171,45.811982396829144
668512.86143975,5075439.98454619,3.121078065973669,11.168937655878988,45.81193357429357
668712.86143975,5075439.98454619,2.8523326968735727,11.171509999075019,45.811884693888075
668912.86143975,5075439.98454619,2.281769001912619,11.17408233563343,45.81183575561305
669112.86143975,5075439.98454619,2.074347266781428,11.176654665546387,45.81178675946887
669312.86143975,5075439.98454619,1.9534557600197804,11.179226988806061,45.811737705455954
669512.86143975,5075439.98454619,1.948304940113924,11.181799305404617,45.81168859357466
669712.86143975,5075439.98454619,1.9456557994188717,11.184371615334225,45.81163942382538
669912.86143975,5075439.98454619,1.9441734243543063,11.186943918587051,45.811590196208556
670112.86143975,5075439.98454619,1.9432941157543286,11.189516215155264,45.81154091072452
670312.86143975,5075439.98454619,1.9406251600634297,11.192088505031036,45.8114915673737
670512.86143975,5075439.98454619,1.9401704315583272,11.194660788206528,45.811442166156475
664512.86143975,5075639.98454619,21.76169304981915,11.117557617225726,45.81469792583427
664712.86143975,5075639.98454619,21.759417727380786,11.120130174240693,45.81465019992293
664912.86143975,5075639.98454619,21.755844139872252,11.122702724773951,45.814602416130725
665112.86143975,5075639.98454619,21.74958917648448,11.12527526881767,45.814554574458036
665312.86143975,5075639.98454619,21.551753663095827,11.127847806364015,45.81450667490528
665512.86143975,5075639.98454619,21.531774776428996,11.130420337405143,45.8144587174728
665712.86143975,5075639.98454619,21.343654547725933,11.132992861933227,45.814410702161
665912.86143975,5075639.98454619,24.997511799114765,11.135565379940427,45.81436262897025
666112.86143975,5075639.98454619,31.409975638039832,11.138137891418909,45.814314497900945
666312.86143975,5075639.98454619,23.594902408605165,11.140710396360836,45.814266308953464
666512.86143975,5075639.98454619,46.00655997597511,11.143282894758377,45.81421806212819
666712.86143975,5075639.98454619,5.839501437459143,11.145855386603694,45.81416975742551
666912.86143975,5075639.98454619,5.3288736915089085,11.148427871888956,45.81412139484582
667112.86143975,5075639.98454619,12.797385352839454,11.15100035060632,45.81407297438948
667312.86143975,5075639.98454619,13.14339922247776,11.153572822747963,45.814024496056895
667512.86143975,5075639.98454619,24.393891678407606,11.15614528830604,45.81397595984845
667712.86143975,5075639.98454619,15.132379340286334,11.158717747272727,45.81392736576451
667912.86143975,5075639.98454619,4.811384878234513,11.161290199640181,45.8138787138055
668112.86143975,5075639.98454619,19.31908195658968,11.163862645400572,45.813830003971795
668312.86143975,5075639.98454619,20.402770776904784,11.16643508454607,45.81378123626378
668512.86143975,5075639.98454619,1.2541448214957014,11.169007517068835,45.813732410681844
668712.86143975,5075639.98454619,2.218342426887159,11.171579942961033,45.81368352722637
668912.86143975,5075639.98454619,2.3474856902548944,11.174152362214837,45.81363458589775
669112.86143975,5075639.98454619,1.5810091195242866,11.176724774822409,45.81358558669638
669312.86143975,5075639.98454619,1.5904265763294507,11.179297180775917,45.813536529622674
669512.86143975,5075639.98454619,1.595181947069688,11.181869580067529,45.81348741467697
669712.86143975,5075639.98454619,1.5979450286978623,11.18444197268941,45.81343824185969
669912.86143975,5075639.98454619,1.599709642928764,11.187014358633727,45.813389011171246
670112.86143975,5075639.98454619,1.6009155067932754,11.18958673789265,45.81333972261199
670312.86143975,5075639.98454619,1.6017824034776011,11.192159110458347,45.813290376182344
670512.86143975,5075639.98454619,1.6024306085193931,11.194731476322982,45.8132409718827
664512.86143975,5075839.98454619,22.127116783532408,11.117625830804208,45.81649682181698
664712.86143975,5075839.98454619,22.126643781727108,11.120198470538536,45.816449092927584
664912.86143975,5075839.98454619,22.12656372947834,11.122771103790397,45.81640130615372
665112.86143975,5075839.98454619,22.483935586597685,11.125343730551958,45.81635346149579
665312.86143975,5075839.98454619,22.48507482293153,11.127916350815381,45.816305558954156
665512.86143975,5075839.98454619,22.973097135579142,11.13048896457283,45.8162575985292
665712.86143975,5075839.98454619,23.98591208131107,11.133061571816468,45.81620958022131
665912.86143975,5075839.98454619,39.3852778690442,11.135634172538458,45.81616150403088
666112.86143975,5075839.98454619,40.627763354029696,11.138206766730967,45.81611336995828
666312.86143975,5075839.98454619,3.936177737074277,11.140779354386158,45.816065178003896
666512.86143975,5075839.98454619,56.473579221229016,11.143351935496192,45.81601692816812
666712.86143975,5075839.98454619,19.27691342119524,11.145924510053238,45.815968620451315
666912.86143975,5075839.98454619,19.265863639992222,11.148497078049457,45.81592025485389
667112.86143975,5075839.98454619,14.167059176113026,11.151069639477013,45.81587183137623
667312.86143975,5075839.98454619,14.430376940330335,11.153642194328075,45.81582335001872
667512.86143975,5075839.98454619,42.81310257238888,11.156214742594804,45.81577481078172
667712.86143975,5075839.98454619,12.268288668855414,11.158787284269364,45.81572621366565
667912.86143975,5075839.98454619,4.498201341538147,11.161359819343925,45.81567755867089
668112.86143975,5075839.98454619,19.221526263160722,11.163932347810647,45.815628845797825
668312.86143975,5075839.98454619,19.684289423995015,11.166504869661699,45.81558007504685
668512.86143975,5075839.98454619,11.325990989922873,11.169077384889242,45.81553124641833
668712.86143975,5075839.98454619,6.905286738480407,11.171649893485446,45.81548235991269
668912.86143975,5075839.98454619,5.743456138478404,11.174222395442474,45.8154334155303
669112.86143975,5075839.98454619,5.3518735278061635,11.176794890752493,45.81538441327154
669312.86143975,5075839.98454619,5.351953265226249,11.179367379407669,45.815335353136824
669512.86143975,5075839.98454619,5.354677749620273,11.181939861400169,45.815286235126536
669712.86143975,5075839.98454619,6.467283197960885,11.184512336722157,45.81523705924107
669912.86143975,5075839.98454619,5.061771029968842,11.187084805365801,45.8151878254808
670112.86143975,5075839.98454619,5.351307031235394,11.189657267323266,45.81513853384613
670312.86143975,5075839.98454619,5.353356721264122,11.19222972258672,45.815089184337474
670512.86143975,5075839.98454619,5.355165420901817,11.194802171148329,45.81503977695519
664512.86143975,5076039.98454619,22.501463265420465,11.117694050857319,45.81829571715174
664712.86143975,5076039.98454619,22.924280377116737,11.120266773318841,45.81824798528411
664912.86143975,5076039.98454619,22.9293095780103,11.12283948929714,45.818200195528405
665112.86143975,5076039.98454619,23.622539531585335,11.12541219878438,45.81815234788502
665312.86143975,5076039.98454619,24.29287452041511,11.12798490177272,45.81810444235431
665512.86143975,5076039.98454619,32.49947518506769,11.130557598254324,45.8180564789367
665712.86143975,5076039.98454619,39.608734786398,11.133130288221354,45.81800845763253
665912.86143975,5076039.98454619,15.626293450103077,11.135702971665973,45.817960378442216
666112.86143975,5076039.98454619,21.505328812357476,11.138275648580345,45.81791224136614
666312.86143975,5076039.98454619,2.3479446036438865,11.140848318956634,45.81786404640466
666512.86143975,5076039.98454619,51.615937237129835,11.143420982786997,45.81781579355817
666712.86143975,5076039.98454619,35.221996176919234,11.145993640063606,45.81776748282706
666912.86143975,5076039.98454619,32.32378248951953,11.148566290778621,45.817719114211734
667112.86143975,5076039.98454619,21.582760358340707,11.151138934924203,45.81767068771254
667312.86143975,5076039.98454619,21.11227758996524,11.153711572492519,45.81762220332991
667512.86143975,5076039.98454619,43.913340134478,11.156284203475732,45.81757366106418
667712.86143975,5076039.98454619,15.45233990857629,11.158856827866003,45.81752506091578
667912.86143975,5076039.98454619,6.627993377339182,11.161429445655504,45.81747640288508
668112.86143975,5076039.98454619,17.669161474375578,11.164002056836392,45.81742768697246
668312.86143975,5076039.98454619,21.360992383573564,11.166574661400832,45.81737891317832
668512.86143975,5076039.98454619,12.957817913155193,11.16914725934099,45.81733008150304
668712.86143975,5076039.98454619,12.35734591870745,11.171719850649033,45.817281191947025
668912.86143975,5076039.98454619,12.432969789964147,11.17429243531712,45.81723224451065
669112.86143975,5076039.98454619,12.439393460836849,11.176865013337423,45.81718323919433
669312.86143975,5076039.98454619,11.172749981160417,11.1794375847021,45.817134175998426
669512.86143975,5076039.98454619,11.14777819931211,11.182010149403322,45.81708505492334
669712.86143975,5076039.98454619,11.134615520417055,11.18458270743325,45.81703587596946
669912.86143975,5076039.98454619,9.62697542733177,11.18715525878405,45.81698663913719
670112.86143975,5076039.98454619,9.61460949455088,11.189727803447893,45.816937344426925
670312.86143975,5076039.98454619,9.606548124021655,11.192300341416939,45.81688799183904
670512.86143975,5076039.98454619,9.601112522183593,11.194872872683353,45.81683858137394
664512.86143975,5076239.98454619,9.95641042791238,11.117762277385813,45.82009461183857
664712.86143975,5076239.98454619,6.675141475185246,11.120335082582372,45.82004687699249
664912.86143975,5076239.98454619,6.866852497228811,11.122907881294948,45.81999908425475
665112.86143975,5076239.98454619,5.67679822360137,11.125480673515701,45.81995123362572
665312.86143975,5076239.98454619,18.337337672255874,11.128053459236796,45.81990332510578
665512.86143975,5076239.98454619,19.438097551550403,11.130626238450391,45.81985535869529
665712.86143975,5076239.98454619,14.152820217035107,11.133199011148651,45.81980733439467
665912.86143975,5076239.98454619,23.558081523369182,11.135771777323736,45.81975925220428
666112.86143975,5076239.98454619,29.288050713549097,11.138344536967807,45.819711112124516
666312.86143975,5076239.98454619,15.840490182577742,11.140917290073029,45.81966291415575
666512.86143975,5076239.98454619,23.99549546636341,11.143490036631562,45.81961465829836
666712.86143975,5076239.98454619,37.38793321425482,11.14606277663557,45.819566344552776
666912.86143975,5076239.98454619,20.4454500935434,11.148635510077217,45.81951797291933
667112.86143975,5076239.98454619,18.99363723423555,11.15120823694866,45.81946954339843
667312.86143975,5076239.98454619,17.939531023304273,11.153780957242068,45.819421055990475
667512.86143975,5076239.98454619,25.48222548165493,11.1563536709496,45.81937251069582
667712.86143975,5076239.98454619,16.45949208149602,11.158926378063422,45.81932390751488
667912.86143975,5076239.98454619,6.752871387874056,11.161499078575693,45.81927524644804
668112.86143975,5076239.98454619,17.71095418436119,11.164071772478582,45.81922652749568
668312.86143975,5076239.98454619,22.384702360505997,11.166644459764248,45.81917775065819
668512.86143975,5076239.98454619,15.562824114846709,11.169217140424855,45.819128915935956
668712.86143975,5076239.98454619,12.85831661878202,11.171789814452572,45.81908002332938
668912.86143975,5076239.98454619,12.88824466329032,11.174362481839555,45.81903107283883
669112.86143975,5076239.98454619,12.889519632031318,11.176935142577973,45.81898206446473
669312.86143975,5076239.98454619,12.753719560389113,11.179507796659989,45.81893299820743
669512.86143975,5076239.98454619,12.577775771407271,11.182080444077766,45.81888387406737
669712.86143975,5076239.98454619,12.574188192801865,11.184653084823468,45.818834692044895
669912.86143975,5076239.98454619,12.346911416687993,11.187225718889266,45.81878545214043
670112.86143975,5076239.98454619,12.345676188068689,11.189798346267315,45.81873615435435
670312.86143975,5076239.98454619,12.344888332801245,11.192370966949785,45.818686798687054
670512.86143975,5076239.98454619,12.344370392902213,11.194943580928841,45.818637385138935
670712.86143975,5076239.98454619,12.344022588309576,11.197516188196646,45.81858791371039
664512.86143975,5076439.98454619,10.743946545909381,11.117830510390453,45.82189350587743
664712.86143975,5076439.98454619,9.969248586403998,11.120403398329888,45.82184576805275
664912.86143975,5076439.98454619,9.184284044558957,11.122976279784577,45.82179797233278
665112.86143975,5076439.98454619,6.352132325023702,11.125549154746684,45.8217501187179
665312.86143975,5076439.98454619,5.98204250362372,11.128122023208372,45.8217022072085
665512.86143975,5076439.98454619,3.746178183423466,11.130694885161796,45.821654237804985
665712.86143975,5076439.98454619,3.0093586834246135,11.133267740599122,45.8216062105077
665912.86143975,5076439.98454619,8.297285957315282,11.13584058951251,45.82155812531705
666112.86143975,5076439.98454619,9.28422846432218,11.13841343189412,45.82150998223341
666312.86143975,5076439.98454619,13.495939035325781,11.140986267736114,45.82146178125716
666512.86143975,5076439.98454619,18.429201155302216,11.143559097030652,45.82141352238871
666712.86143975,5076439.98454619,39.03995371534205,11.146131919769896,45.82136520562842
666912.86143975,5076439.98454619,18.667965746587882,11.14870473594601,45.82131683097667
667112.86143975,5076439.98454619,18.93203697813353,11.151277545551153,45.82126839843387
667312.86143975,5076439.98454619,12.867473604532229,11.15385034857749,45.8212199080004
667512.86143975,5076439.98454619,11.910078721645352,11.156423145017179,45.82117135967663
667712.86143975,5076439.98454619,13.035933516584073,11.158995934862386,45.82112275346296
667912.86143975,5076439.98454619,5.510468826927058,11.16156871810527,45.8210740893598
668112.86143975,5076439.98454619,17.11893124666949,11.164141494737995,45.8210253673675
668312.86143975,5076439.98454619,21.90660248779641,11.166714264752722,45.82097658748645
668512.86143975,5076439.98454619,9.990745122130845,11.169287028141618,45.82092774971707
668712.86143975,5076439.98454619,10.401436103816101,11.17185978489684,45.82087885405973
668912.86143975,5076439.98454619,11.130969444065123,11.174432535010556,45.82082990051482
669112.86143975,5076439.98454619,11.143949559761817,11.177005278474926,45.82078088908275
669312.86143975,5076439.98454619,11.665620665898878,11.179578015282114,45.82073181976387
669512.86143975,5076439.98454619,12.36281740940593,11.182150745424284,45.82068269255863
669712.86143975,5076439.98454619,12.670581816445472,11.184723468893598,45.82063350746736
669912.86143975,5076439.98454619,12.78261076006965,11.187296185682222,45.82058426449049
670112.86143975,5076439.98454619,12.782990829675777,11.189868895782316,45.82053496362842
670312.86143975,5076439.98454619,12.748696383799544,11.192441599186047,45.820485604881505
670512.86143975,5076439.98454619,12.575156888373606,11.195014295885578,45.82043618825018
670712.86143975,5076439.98454619,12.574101239432634,11.197586985873073,45.820386713734806
664512.86143975,5076639.98454619,11.068728355325142,11.117898749871996,45.82369239926833
664712.86143975,5076639.98454619,10.75743719676834,11.120471720562144,45.823644658464836
664912.86143975,5076639.98454619,10.750200853241164,11.123044684766786,45.82359685976244
665112.86143975,5076639.98454619,9.967444370911926,11.125617642478089,45.823549003161546
665312.86143975,5076639.98454619,7.5299588707220435,11.128190593688206,45.823501088662525
665512.86143975,5076639.98454619,6.834435289446104,11.130763538389301,45.82345311626576
665712.86143975,5076639.98454619,7.033037499421541,11.133336476573533,45.82340508597163
665912.86143975,5076639.98454619,2.7851902236082617,11.135909408233061,45.823356997780515
666112.86143975,5076639.98454619,4.998870755471834,11.138482333360049,45.82330885169282
666312.86143975,5076639.98454619,17.530122783128498,11.141055251946652,45.8232606477089
666512.86143975,5076639.98454619,22.70469656520016,11.143628163985033,45.82321238582916
666712.86143975,5076639.98454619,57.59685175192563,11.146201069467356,45.82316406605398
666912.86143975,5076639.98454619,17.9794361539141,11.148773968385775,45.82311568838375
667112.86143975,5076639.98454619,16.782626913215232,11.151346860732456,45.82306725281885
667312.86143975,5076639.98454619,16.389043688908643,11.153919746499557,45.82301875935968
667512.86143975,5076639.98454619,19.43783730167421,11.156492625679242,45.822970208006595
667712.86143975,5076639.98454619,15.613129495585643,11.159065498263672,45.82292159876001
667912.86143975,5076639.98454619,5.613552275619751,11.161638364245004,45.8228729316203
668112.86143975,5076639.98454619,8.658187613308861,11.164211223615403,45.822824206587875
668312.86143975,5076639.98454619,14.585472652734202,11.166784076367032,45.822775423663096
668512.86143975,5076639.98454619,11.271524765739935,11.16935692249205,45.822726582846364
668712.86143975,5076639.98454619,10.067670295174048,11.171929761982618,45.82267768413808
668912.86143975,5076639.98454619,9.825634002687401,11.174502594830901,45.822628727538614
669112.86143975,5076639.98454619,9.835327589745717,11.177075421029063,45.82257971304836
669312.86143975,5076639.98454619,10.56188104852242,11.179648240569259,45.82253064066772
669512.86143975,5076639.98454619,10.564982119439323,11.182221053443657,45.822481510397076
669712.86143975,5076639.98454619,10.569853487463531,11.184793859644419,45.82243232223684
669912.86143975,5076639.98454619,11.02790034047128,11.187366659163708,45.82238307618738
670112.86143975,5076639.98454619,11.663943498111992,11.189939451993682,45.82233377224909
670312.86143975,5076639.98454619,12.286943185324004,11.19251223812651,45.822284410422384
670512.86143975,5076639.98454619,12.290505072262773,11.195085017554351,45.82223499070764
670712.86143975,5076639.98454619,12.669278290684424,11.197657790269373,45.822185513105254
664512.86143975,5076839.98454619,11.077592336590145,11.117966995831202,45.825491292011264
664712.86143975,5076839.98454619,11.081587897900732,11.120540049279901,45.82544354822877
664912.86143975,5076839.98454619,11.086437892167723,11.12311309624234,45.82539574654377
665112.86143975,5076839.98454619,11.090925877727408,11.125686136710675,45.82534788695667
665312.86143975,5076839.98454619,10.777302450025301,11.128259170677063,45.82529996946781
665512.86143975,5076839.98454619,7.891489364224995,11.13083219813367,45.825251994077604
665712.86143975,5076839.98454619,9.639333681296142,11.133405219072648,45.82520396078643
665912.86143975,5076839.98454619,20.395422099174674,11.135978233486158,45.82515586959468
666112.86143975,5076839.98454619,2.284359974050013,11.138551241366361,45.82510772050273
666312.86143975,5076839.98454619,10.984226197635225,11.141124242705414,45.82505951351094
666512.86143975,5076839.98454619,69.19514695417311,11.143697237495479,45.825011248619745
666712.86143975,5076839.98454619,73.66795779349026,11.146270225728713,45.82496292582948
666912.86143975,5076839.98454619,9.666022072580885,11.148843207397281,45.824914545140565
667112.86143975,5076839.98454619,11.149835531754086,11.151416182493337,45.82486610655338
667312.86143975,5076839.98454619,12.379527419503209,11.153989151009043,45.8248176100683
667512.86143975,5076839.98454619,4.175334451475145,11.156562112936562,45.82476905568572
667712.86143975,5076839.98454619,14.09081478880363,11.15913506826805,45.82472044340602
667912.86143975,5076839.98454619,10.948627895612558,11.161708016995673,45.8246717732296
668112.86143975,5076839.98454619,9.655944437046234,11.164280959111583,45.824623045156834
668312.86143975,5076839.98454619,11.511165216395572,11.166853894607948,45.82457425918812
668512.86143975,5076839.98454619,12.182768309923262,11.169426823476929,45.82452541532385
668712.86143975,5076839.98454619,12.238585346765447,11.171999745710682,45.824476513564406
668912.86143975,5076839.98454619,11.583996975046725,11.174572661301372,45.824427553910176
669112.86143975,5076839.98454619,10.228542145768111,11.177145570241159,45.82437853636158
669312.86143975,5076839.98454619,10.221448885909838,11.179718472522204,45.82432946091897
669512.86143975,5076839.98454619,10.026936361056228,11.182291368136669,45.824280327582755
669712.86143975,5076839.98454619,10.029050010383612,11.184864257076713,45.824231136353326
669912.86143975,5076839.98454619,10.319778186267687,11.187437139334502,45.82418188723108
670112.86143975,5076839.98454619,10.324128566448083,11.190010014902198,45.8241325802164
670312.86143975,5076839.98454619,10.564989668896672,11.192582883771959,45.824083215309685
670512.86143975,5076839.98454619,10.566604311071865,11.195155745935947,45.82403379251133
670712.86143975,5076839.98454619,11.0265396128881,11.197728601386332,45.82398431182174
664512.86143975,5077039.98454619,11.064044138543311,11.118035248268827,45.827290184106225
664712.86143975,5077039.98454619,11.071620949079241,11.120608384483923,45.82724243734454
664912.86143975,5077039.98454619,11.08366820393543,11.123181514211996,45.82719463267673
665112.86143975,5077039.98454619,11.105772301029257,11.125754637445205,45.827146770103205
665312.86143975,5077039.98454619,11.15927504448952,11.128327754175709,45.82709884962435
665512.86143975,5077039.98454619,11.449211405926611,11.130900864395663,45.827050871240516
665712.86143975,5077039.98454619,17.951069442626885,11.133473968097228,45.82700283495212
665912.86143975,5077039.98454619,16.84817064278676,11.13604706527256,45.82695474075953
666112.86143975,5077039.98454619,0.7604106505869215,11.13862015591382,45.82690658866312
666312.86143975,5077039.98454619,15.357279131733282,11.141193240013164,45.82685837866329
666512.86143975,5077039.98454619,101.74035378671837,11.143766317562752,45.82681011076043
666712.86143975,5077039.98454619,4.052179216287333,11.146339388554743,45.826761784954904
666912.86143975,5077039.98454619,8.411855620746273,11.148912452981296,45.82671340124711
667112.86143975,5077039.98454619,8.622833672759173,11.151485510834569,45.826664959637434
667312.86143975,5077039.98454619,1.1415364837985702,11.15405856210672,45.82661646012625
667512.86143975,5077039.98454619,0.9395069854159335,11.15663160678991,45.826567902713975
667712.86143975,5077039.98454619,21.161066785356518,11.1592046448763,45.82651928740097
667912.86143975,5077039.98454619,6.067720041075383,11.161777676358048,45.826470614187635
668112.86143975,5077039.98454619,12.733467891341643,11.164350701227312,45.82642188307434
668312.86143975,5077039.98454619,12.675602636526827,11.166923719476255,45.8263730940615
668512.86143975,5077039.98454619,11.637492828912446,11.169496731097034,45.82632424714951
668712.86143975,5077039.98454619,11.453052500201835,11.172069736081811,45.82627534233871
668912.86143975,5077039.98454619,13.108358095438762,11.174642734422745,45.82622637962954
669112.86143975,5077039.98454619,12.35439996735899,11.177215726111998,45.826177359022374
669312.86143975,5077039.98454619,11.617074355581128,11.179788711141729,45.8261282805176
669512.86143975,5077039.98454619,10.301172619069028,11.182361689504097,45.826079144115624
669712.86143975,5077039.98454619,10.222802012747835,11.184934661191264,45.826029949816814
669912.86143975,5077039.98454619,10.22025610076193,11.187507626195394,45.825980697621574
670112.86143975,5077039.98454619,10.63993650706823,11.190080584508646,45.825931387530304
670312.86143975,5077039.98454619,10.026481743112836,11.192653536123178,45.82588201954339
670512.86143975,5077039.98454619,10.027851872866695,11.195226481031154,45.82583259366124
670712.86143975,5077039.98454619,10.449698763545284,11.197799419224735,45.82578310988422
670912.86143975,5077039.98454619,10.323139847692213,11.200372350696084,45.82573356821275
664512.86143975,5077239.98454619,10.174729009810239,11.118103507185632,45.829089075553185
664712.86143975,5077239.98454619,13.1700344733597,11.120676726174965,45.829041325812106
664912.86143975,5077239.98454619,13.845279070624738,11.123249938676517,45.82899351816132
665112.86143975,5077239.98454619,15.538681161512889,11.125823144682444,45.8289456526012
665312.86143975,5077239.98454619,18.267217540555304,11.128396344184901,45.82889772913212
665512.86143975,5077239.98454619,20.463480361235376,11.130969537176048,45.82884974775448
665712.86143975,5077239.98454619,18.691686646813814,11.133542723648041,45.82880170846867
665912.86143975,5077239.98454619,3.2358066579523195,11.136115903593037,45.82875361127504
666112.86143975,5077239.98454619,27.42174868219283,11.138689077003196,45.828705456174
666312.86143975,5077239.98454619,10.30813533172183,11.141262243870672,45.82865724316592
666512.86143975,5077239.98454619,124.3107987363137,11.143835404187623,45.8286089722512
666712.86143975,5077239.98454619,7.959487897352948,11.14640855794621,45.82856064343021
666912.86143975,5077239.98454619,5.190658362410359,11.14898170513859,45.82851225670335
667112.86143975,5077239.98454619,5.389443324035137,11.151554845756918,45.82846381207099
667312.86143975,5077239.98454619,5.300677487431512,11.154127979793357,45.82841530953354
667512.86143975,5077239.98454619,10.604810814986658,11.156701107240062,45.828366749091366
667712.86143975,5077239.98454619,24.224816026987973,11.15927422808919,45.828318130744854
667912.86143975,5077239.98454619,3.895454071198343,11.161847342332905,45.828269454494404
668112.86143975,5077239.98454619,15.13060796783783,11.164420449963364,45.82822072034041
668312.86143975,5077239.98454619,14.670279067348622,11.166993550972721,45.82817192828324
668512.86143975,5077239.98454619,14.61145980778856,11.169566645353141,45.82812307832331
668712.86143975,5077239.98454619,13.78519915625113,11.172139733096781,45.82807417046099
668912.86143975,5077239.98454619,11.86398235467412,11.1747128141958,45.82802520469667
669112.86143975,5077239.98454619,12.549978643837154,11.177285888642357,45.82797618103075
669312.86143975,5077239.98454619,12.381063939180146,11.179858956428614,45.827927099463615
669512.86143975,5077239.98454619,12.393696962638566,11.182432017546725,45.82787795999566
669712.86143975,5077239.98454619,11.632747799479585,11.185005071988858,45.82782876262728
669912.86143975,5077239.98454619,10.299779453672551,11.187578119747165,45.82777950735887
670112.86143975,5077239.98454619,10.222525395920103,11.19015116081381,45.82773019419079
670312.86143975,5077239.98454619,10.22076003375869,11.192724195180952,45.827680823123494
670512.86143975,5077239.98454619,10.451989208284022,11.195297222840754,45.827631394157336
670712.86143975,5077239.98454619,10.641221691170669,11.197870243785374,45.82758190729271
664512.86143975,5077439.98454619,5.77482069122538,11.118171772582377,45.83088796635214
664712.86143975,5077439.98454619,5.772795525813092,11.12074507435379,45.83084021363149
664912.86143975,5077439.98454619,7.556672191821533,11.123318369636662,45.83079240299752
665112.86143975,5077439.98454619,11.053930949130367,11.125891658423148,45.830744534450616
665312.86143975,5077439.98454619,13.614159303991109,11.128464940705404,45.83069660799114
665512.86143975,5077439.98454619,14.910755531040978,11.131038216475586,45.83064862361951
665712.86143975,5077439.98454619,10.208977808972502,11.13361148572585,45.830600581336064
665912.86143975,5077439.98454619,11.755418916524844,11.136184748448352,45.83055248114121
666112.86143975,5077439.98454619,15.601754607684365,11.138758004635251,45.83050432303535
666312.86143975,5077439.98454619,16.87245957690879,11.141331254278702,45.83045610701884
666512.86143975,5077439.98454619,121.79113391433975,11.14390449737086,45.83040783309205
666712.86143975,5077439.98454619,15.469166682720266,11.146477733903884,45.830359501255415
666912.86143975,5077439.98454619,13.863490839856105,11.149050963869932,45.830311111509296
667112.86143975,5077439.98454619,11.933255757079634,11.151624187261161,45.83026266385407
667312.86143975,5077439.98454619,18.271203518187445,11.154197404069725,45.83021415829014
667512.86143975,5077439.98454619,22.27229847545669,11.156770614287785,45.83016559481787
667712.86143975,5077439.98454619,18.467762996686435,11.159343817907498,45.83011697343767
667912.86143975,5077439.98454619,8.218428257965924,11.161917014921022,45.83006829414993
668112.86143975,5077439.98454619,13.119069667809331,11.164490205320512,45.830019556955016
668312.86143975,5077439.98454619,14.215825235283365,11.167063389098129,45.829970761853325
668512.86143975,5077439.98454619,14.288420345752595,11.16963656624603,45.82992190884526
668712.86143975,5077439.98454619,14.524794262073803,11.172209736756372,45.829872997931204
668912.86143975,5077439.98454619,14.422294522202895,11.174782900621317,45.82982402911155
669112.86143975,5077439.98454619,13.179333322056031,11.17735605783302,45.82977500238669
669312.86143975,5077439.98454619,12.42147046325513,11.17992920838364,45.829725917756996
669512.86143975,5077439.98454619,12.936788705844277,11.182502352265336,45.82967677522287
669712.86143975,5077439.98454619,12.406653884877214,11.18507548947027,45.829627574784716
669912.86143975,5077439.98454619,12.622134568283476,11.187648619990597,45.829578316442934
670112.86143975,5077439.98454619,11.64177503685202,11.190221743818478,45.82952900019788
670312.86143975,5077439.98454619,10.29880121064361,11.192794860946071,45.82947962604998
670512.86143975,5077439.98454619,10.221998098452428,11.195367971365537,45.82943019399961
664512.86143975,5077639.98454619,2.992977304134266,11.118240044459817,45.83268685650311
664712.86143975,5077639.98454619,5.341289562198061,11.120813429021158,45.83263910080269
664912.86143975,5077639.98454619,5.995602403736865,11.123386807093196,45.83259128718536
665112.86143975,5077639.98454619,5.332720187319411,11.125960178668086,45.832543415651465
665312.86143975,5077639.98454619,5.498293008729526,11.128533543737982,45.83249548620141
665512.86143975,5077639.98454619,8.727321487946924,11.131106902295041,45.83244749883557
665712.86143975,5077639.98454619,7.352260545225147,11.133680254331422,45.83239945355432
665912.86143975,5077639.98454619,11.423119786400832,11.136253599839273,45.83235135035806
666112.86143975,5077639.98454619,20.884346111293375,11.138826938810755,45.83230318924717
666312.86143975,5077639.98454619,21.960464687118417,11.141400271238023,45.83225497022202
666512.86143975,5077639.98454619,17.461897416108748,11.14397359711323,45.83220669328301
666712.86143975,5077639.98454619,9.46355240093947,11.146546916428537,45.83215835843052
666912.86143975,5077639.98454619,17.87529584206428,11.149120229176097,45.83210996566494
667112.86143975,5077639.98454619,16.528891034387566,11.151693535348066,45.832061514986655
667312.86143975,5077639.98454619,21.00508342866962,11.154266834936601,45.83201300639604
667512.86143975,5077639.98454619,20.569095176519806,11.156840127933858,45.831964439893504
667712.86143975,5077639.98454619,11.965886423161612,11.159413414331995,45.83191581547941
667912.86143975,5077639.98454619,7.546462957507449,11.16198669412317,45.83186713315417
668112.86143975,5077639.98454619,11.438873295721768,11.164559967299537,45.83181839291816
668312.86143975,5077639.98454619,12.89428549412488,11.167133233853251,45.831769594771764
668512.86143975,5077639.98454619,14.182471758890596,11.169706493776475,45.83172073871537
668712.86143975,5077639.98454619,14.232326233408592,11.172279747061364,45.8316718247494
668912.86143975,5077639.98454619,14.25428945465629,11.174852993700075,45.83162285287419
669112.86143975,5077639.98454619,14.264268898986636,11.177426233684765,45.83157382309019
669312.86143975,5077639.98454619,13.531923525534406,11.179999467007592,45.83152473539775
669512.86143975,5077639.98454619,12.604813283638356,11.182572693660715,45.83147558979727
669712.86143975,5077639.98454619,12.45374241356788,11.185145913636289,45.831426386289145
669912.86143975,5077639.98454619,12.362762574190576,11.187719126926476,45.83137712487378
670112.86143975,5077639.98454619,12.969766511240733,11.190292333523434,45.83132780555155
670312.86143975,5077639.98454619,12.634910245238187,11.192865533419317,45.83127842832287
670512.86143975,5077639.98454619,11.64762610858871,11.195438726606287,45.831228993188105
664512.86143975,5077839.98454619,0.4492276091877318,11.118308322818718,45.83448574600603
664712.86143975,5077839.98454619,0.409019913900856,11.120881790177828,45.83443798732567
664912.86143975,5077839.98454619,0.8273631551800558,11.123455251046876,45.834390170724774
665112.86143975,5077839.98454619,2.2536175081187646,11.126028705418014,45.834342296203715
665312.86143975,5077839.98454619,3.9121361353486868,11.128602153283396,45.83429436376288
665512.86143975,5077839.98454619,6.665486765503063,11.131175594635181,45.83424637340265
665712.86143975,5077839.98454619,12.679805782628192,11.133749029465518,45.83419832512341
665912.86143975,5077839.98454619,9.076662305635566,11.136322457766564,45.83415021892554
666112.86143975,5077839.98454619,13.155241017033863,11.138895879530475,45.834102054809435
666312.86143975,5077839.98454619,89.91675324952945,11.141469294749403,45.83405383277547
666512.86143975,5077839.98454619,56.21324227006175,11.144042703415504,45.83400555282402
666712.86143975,5077839.98454619,10.96530093920726,11.146616105520936,45.8339572149555
666912.86143975,5077839.98454619,16.701622785215772,11.149189501057851,45.83390881917027
667112.86143975,5077839.98454619,18.034513627743458,11.151762890018404,45.833860365468716
667312.86143975,5077839.98454619,21.22479567286515,11.154336272394753,45.833811853851245
667512.86143975,5077839.98454619,17.58563630233345,11.156909648179052,45.83376328431823
667712.86143975,5077839.98454619,9.547139894975917,11.159483017363456,45.833714656870065
667912.86143975,5077839.98454619,7.48353328624618,11.162056379940124,45.833665971507116
668112.86143975,5077839.98454619,11.209570772860387,11.164629735901208,45.83361722822981
668312.86143975,5077839.98454619,13.241444796735587,11.167203085238867,45.83356842703851
668512.86143975,5077839.98454619,12.818620723310827,11.169776427945257,45.83351956793361
668712.86143975,5077839.98454619,14.189856715382938,11.172349764012532,45.833470650915494
668912.86143975,5077839.98454619,14.22017585785144,11.174923093432852,45.833421675984575
669112.86143975,5077839.98454619,14.237777891947246,11.177496416198371,45.83337264314123
669312.86143975,5077839.98454619,14.248141363351534,11.180069732301247,45.83332355238584
669512.86143975,5077839.98454619,14.254341000843299,11.182643041733638,45.833274403718804
669712.86143975,5077839.98454619,13.513971907459425,11.185216344487698,45.83322519714052
669912.86143975,5077839.98454619,12.60146100047185,11.187789640555586,45.83317593265138
670112.86143975,5077839.98454619,12.46723006663851,11.19036292992946,45.83312661025178
670312.86143975,5077839.98454619,12.445146092916055,11.192936212601476,45.8330772299421
664512.86143975,5078039.98454619,1.2957284505856193,11.118376607659833,45.836284634860945
664712.86143975,5078039.98454619,0.7932566536228162,11.120950157824561,45.83623687320044
664912.86143975,5078039.98454619,0.7574507514740784,11.123523701498463,45.83618905361578
665112.86143975,5078039.98454619,0.5921685723219409,11.126097238673697,45.83614117610736
665312.86143975,5078039.98454619,0.44155593510110663,11.128670769342412,45.83609324067556
665512.86143975,5078039.98454619,12.51235538936245,11.131244293496762,45.83604524732075
665712.86143975,5078039.98454619,3.7328142937408475,11.133817811128905,45.83599719604332
665912.86143975,5078039.98454619,5.204323252782392,11.136391322230992,45.83594908684366
666112.86143975,5078039.98454619,30.08460869648942,11.138964826795174,45.83590091972214
666312.86143975,5078039.98454619,67.31419146122649,11.14153832481361,45.83585269467917
666512.86143975,5078039.98454619,40.865399434203376,11.14411181627845,45.835804411715095
666712.86143975,5078039.98454619,31.479251098939944,11.14668530118185,45.835756070830335
666912.86143975,5078039.98454619,31.31197629668578,11.149258779515966,45.835707672025265
667112.86143975,5078039.98454619,29.86306697650145,11.151832251272948,45.83565921530027
667312.86143975,5078039.98454619,25.61361371685267,11.154405716444954,45.835610700655735
667512.86143975,5078039.98454619,14.924213990062967,11.156979175024139,45.83556212809204
667712.86143975,5078039.98454619,9.45309892391049,11.159552627002654,45.8355134976096
667912.86143975,5078039.98454619,7.462056623879884,11.16212607237266,45.83546480920878
668112.86143975,5078039.98454619,10.629023166318008,11.164699511126308,45.835416062889976
668312.86143975,5078039.98454619,11.226515126162958,11.167272943255751,45.83536725865358
668512.86143975,5078039.98454619,13.261343032972317,11.16984636875315,45.83531839649996
668712.86143975,5078039.98454619,12.780618430272094,11.172419787610657,45.83526947642954
668912.86143975,5078039.98454619,14.198446947447625,11.174993199820431,45.83522049844269
669112.86143975,5078039.98454619,14.218287662072791,11.177566605374622,45.8351714625398
669312.86143975,5078039.98454619,14.23153197224133,11.180140004265391,45.83512236872127
669512.86143975,5078039.98454619,14.240408440615157,11.18271339648489,45.83507321698749
669712.86143975,5078039.98454619,14.246411706581643,11.185286782025278,45.835024007338845
669912.86143975,5078039.98454619,13.360849924848953,11.187860160878712,45.834974739775745
670112.86143975,5078039.98454619,13.505996347143142,11.190433533037345,45.83492541429856
664712.86143975,5078239.98454619,1.4668494697732355,11.121018531962116,45.83803575842698
664912.86143975,5078239.98454619,1.4700645998597541,11.123592158448723,45.83798793585839
665112.86143975,5078239.98454619,1.4651899897578864,11.126165778435896,45.83794005536242
665312.86143975,5078239.98454619,1.007622770144234,11.12873939191579,45.83789211693945
665512.86143975,5078239.98454619,9.824647256070273,11.131312998880556,45.83784412058987
665712.86143975,5078239.98454619,2.133135073254412,11.133886599322349,45.83779606631406
665912.86143975,5078239.98454619,14.32966768114675,11.13646019323332,45.837747954112416
666112.86143975,5078239.98454619,42.801652525229166,11.139033780605624,45.837699783985286
666312.86143975,5078239.98454619,29.09355261450963,11.141607361431412,45.83765155593311
666512.86143975,5078239.98454619,36.611384133565906,11.144180935702835,45.837603269956226
666712.86143975,5078239.98454619,29.880366772871767,11.146754503412051,45.83755492605504
666912.86143975,5078239.98454619,27.432411414209668,11.149328064551211,45.83750652422994
667112.86143975,5078239.98454619,27.993957445562845,11.151901619112468,45.83745806448129
667312.86143975,5078239.98454619,29.676684983576738,11.154475167087979,45.8374095468095
667512.86143975,5078239.98454619,22.867977348934375,11.157048708469892,45.83736097121496
667712.86143975,5078239.98454619,9.410848651712314,11.159622243250368,45.837312337698044
667912.86143975,5078239.98454619,10.673856320137036,11.162195771421555,45.837263646259146
668112.86143975,5078239.98454619,10.582756931137805,11.164769292975608,45.83721489689865
668312.86143975,5078239.98454619,11.166686359801636,11.167342807904685,45.83716608961696
668512.86143975,5078239.98454619,12.431829214604761,11.169916316200936,45.837117224414435
668712.86143975,5078239.98454619,13.265853265392698,11.172489817856519,45.8370683012915
668912.86143975,5078239.98454619,12.757811383786644,11.175063312863587,45.83701932024852
669112.86143975,5078239.98454619,14.205362073955898,11.177636801214298,45.836970281285915
669312.86143975,5078239.98454619,14.219234960543316,11.1802102829008,45.83692118440404
669512.86143975,5078239.98454619,14.229307402688638,11.182783757915255,45.83687202960331
669712.86143975,5078239.98454619,14.236618855113338,11.185357226249815,45.836822816884116
669912.86143975,5078239.98454619,14.241949333801724,11.187930687896635,45.83677354624685
664912.86143975,5078439.98454619,1.6579183123430632,11.123660621898413,45.83978681745257
665112.86143975,5078439.98454619,1.695611741524814,11.126234324705376,45.83973893396886
665312.86143975,5078439.98454619,2.0824792181019225,11.128808021004295,45.83969099255453
665512.86143975,5078439.98454619,8.528067264185808,11.131381710787323,45.839642993209985
665712.86143975,5078439.98454619,4.76461686167442,11.133955394046616,45.839594935935615
665912.86143975,5078439.98454619,24.17559663192695,11.13652907077432,45.839546820731776
666112.86143975,5078439.98454619,28.711824851121353,11.139102740962588,45.83949864759887
666312.86143975,5078439.98454619,25.374926413001806,11.141676404603574,45.839450416537275
666512.86143975,5078439.98454619,25.381562182839197,11.14425006168943,45.83940212754739
666712.86143975,5078439.98454619,26.861838461439614,11.146823712212308,45.83935378062958
666912.86143975,5078439.98454619,27.860314396732583,11.14939735616436,45.83930537578426
667112.86143975,5078439.98454619,27.16005079333815,11.151970993537738,45.83925691301178
667312.86143975,5078439.98454619,26.88092198519496,11.154544624324597,45.839208392312536
667512.86143975,5078439.98454619,28.09247084318436,11.157118248517088,45.83915981368695
667712.86143975,5078439.98454619,9.387600385516015,11.159691866107366,45.839111177135365
667912.86143975,5078439.98454619,10.697476406063,11.16226547708758,45.83906248265819
668112.86143975,5078439.98454619,10.560185932300907,11.164839081449886,45.83901373025583
668312.86143975,5078439.98454619,10.62927231663491,11.167412679186441,45.838964919928635
668512.86143975,5078439.98454619,11.166842774296962,11.16998627028939,45.83891605167702
668712.86143975,5078439.98454619,12.43326771978159,11.172559854750896,45.83886712550137
668912.86143975,5078439.98454619,13.266394875380923,11.175133432563106,45.83881814140208
669112.86143975,5078439.98454619,12.742616477093362,11.177707003718176,45.83876909937953
669312.86143975,5078439.98454619,14.210750164322167,11.18028056820826,45.83871999943413
