x,y,abs_delta_z,abs_delta_norm,lon,lat
665517.02141074,5072456.10735802,2.626449354231566e-10,0.9999999999242948,11.129382192495015,45.78582055116231
665717.02141074,5072456.10735802,2.6264496131460615e-10,0.9999999999242948,11.13195340116154,45.78577258231788
665917.02141074,5072456.10735802,0.01696426822337257,0.9941528722867408,11.134524603319159,45.785724555651896
666117.02141074,5072456.10735802,0.016900927699946545,0.9941747040643311,11.137095798960054,45.78567647116474
666317.02141074,5072456.10735802,0.016900927328435657,0.994174704192381,11.139666988076403,45.7856283288568
666517.02141074,5072456.10735802,0.01690092693404239,0.9941747043283177,11.142238170660384,45.78558012872845
666717.02141074,5072456.10735802,0.014611951971811895,0.9949636525337051,11.144809346704182,45.78553187078009
666917.02141074,5072456.10735802,0.014568440893548739,0.9949786496340127,11.147380516199972,45.785483555012064
667117.02141074,5072456.10735802,0.014533720103724876,0.9949906169579342,11.149951679139939,45.785435181424816
667317.02141074,5072456.10735802,0.014507789480699723,0.9949995545473957,11.152522835516256,45.7853867500187
667517.02141074,5072456.10735802,0.014490648962528612,0.9950054624237481,11.155093985321109,45.7853382607941
667717.02141074,5072456.10735802,0.014482298528440268,0.9950083405941506,11.157665128546677,45.7852897137514
667917.02141074,5072456.10735802,0.014482298554791181,0.9950083405850682,11.160236265185139,45.785241108891
665517.02141074,5072656.10735802,2.6264492853356746e-10,0.9999999999242948,11.129450717787373,45.78761944248524
665717.02141074,5072656.10735802,2.62644956577551e-10,0.9999999999242948,11.13202200904481,45.787571470647705
665917.02141074,5072656.10735802,5.242387335892236e-10,0.9999999998341305,11.134593293792584,45.78752344098499
666117.02141074,5072656.10735802,0.016964267916421423,0.9941528723925386,11.137164572022867,45.78747535349751
666317.02141074,5072656.10735802,0.016900927493427267,0.9941747041355127,11.139735843727845,45.78742720818564
666517.02141074,5072656.10735802,0.01690092707011005,0.9941747042814189,11.14230710889969,45.787379005049765
666717.02141074,5072656.10735802,0.015415451305134626,0.9946867078892616,11.144878367530582,45.78733074409026
666917.02141074,5072656.10735802,0.014568440978712245,0.9949786496046591,11.147449619612704,45.78728242530754
667117.02141074,5072656.10735802,0.014533720151655254,0.9949906169414139,11.150020865138233,45.78723404870195
667317.02141074,5072656.10735802,0.014507789498723929,0.9949995545411833,11.152592104099346,45.78718561427389
667517.02141074,5072656.10735802,0.01449064896025344,0.9950054624245324,11.155163336488226,45.78713712202374
667717.02141074,5072656.10735802,0.01449064885788252,0.9950054624598168,11.157734562297048,45.787088571951905
667917.02141074,5072656.10735802,0.014482298545432754,0.9950083405882937,11.160305781517996,45.78703996405877
668117.02141074,5072656.10735802,0.01448273832212069,0.9950081890090784,11.162876994143247,45.7869912983447
668317.02141074,5072656.10735802,0.025427750572559454,0.9912357371843924,11.165448200164981,45.78694257481012
665317.02141074,5072856.10735802,2.5897856614704436e-10,0.9999999999255585,11.126947869222793,45.78946625016111
665517.02141074,5072856.10735802,2.626449207355601e-10,0.9999999999242948,11.129519249581573,45.789418333159404
665717.02141074,5072856.10735802,2.626449512079509e-10,0.9999999999242948,11.132090623437747,45.78937035832855
665917.02141074,5072856.10735802,5.242387602309471e-10,0.9999999998341305,11.134661990783496,45.789322325668934
666117.02141074,5072856.10735802,0.016964268136471377,0.9941528723166932,11.137233351610991,45.78927423518095
666317.02141074,5072856.10735802,0.016900927685629268,0.9941747040692659,11.139804705912415,45.78922608686496
666517.02141074,5072856.10735802,0.016900927230788412,0.9941747042260373,11.142376053679945,45.78917788072136
666717.02141074,5072856.10735802,0.016850747031959476,0.9941919999931231,11.144947394905756,45.78912961675055
666917.02141074,5072856.10735802,0.0145684410824338,0.9949786495689091,11.14751872958203,45.78908129495288
667117.02141074,5072856.10735802,0.01453372021097854,0.9949906169209667,11.150090057700941,45.78903291532877
667317.02141074,5072856.10735802,0.014507789521909278,0.994999554533192,11.15266137925467,45.78898447787857
667517.02141074,5072856.10735802,0.014507789251769685,0.9949995546263019,11.155232694235396,45.7889359826027
667717.02141074,5072856.10735802,0.014490648846158643,0.9950054624638577,11.157804002635297,45.78888742950155
667917.02141074,5072856.10735802,0.014482298535137945,0.9950083405918421,11.160375304446548,45.78883881857547
668117.02141074,5072856.10735802,0.01448273832293187,0.9950081890087987,11.162946599661334,45.78879014982486
668317.02141074,5072856.10735802,0.02608367032245828,0.9910096592595136,11.165517888271829,45.78874142325014
668517.02141074,5072856.10735802,0.02608366571917878,0.9910096608461404,11.168089170270216,45.78869263885165
668717.02141074,5072856.10735802,0.02562138782153883,0.9911689956242621,11.17066044564867,45.78864379662981
665117.02141074,5073056.10735802,0.17034560914422428,0.941286442703124,11.124444855450635,45.79131300533488
665317.02141074,5073056.10735802,2.589785546952682e-10,0.9999999999255585,11.12701632491228,45.7912651431764
665517.02141074,5073056.10735802,2.6264491186324086e-10,0.9999999999242948,11.12958778787838,45.79121722318481
665717.02141074,5073056.10735802,2.6264494508827526e-10,0.9999999999242948,11.132159244341112,45.79116924536044
665917.02141074,5073056.10735802,5.242387905799486e-10,0.9999999998341305,11.134730694292656,45.79112120970373
666117.02141074,5073056.10735802,0.01696426839718013,0.9941528722268339,11.137302137725186,45.79107311621504
666317.02141074,5073056.10735802,0.016964267754211636,0.994152872448448,11.139873574630881,45.791024964894746
666517.02141074,5073056.10735802,0.016900927421035657,0.9941747041604642,11.142445005001917,45.790976755743245
666717.02141074,5073056.10735802,0.016900926896482895,0.9941747043412634,11.145016428830468,45.790928488760905
666917.02141074,5073056.10735802,0.014611951775656776,0.9949636526013145,11.147587846108715,45.79088016394814
667117.02141074,5073056.10735802,0.014568440621453408,0.9949786497277967,11.150159256828832,45.79083178130529
667317.02141074,5073056.10735802,0.014533719824153432,0.9949906170542949,11.152730660982998,45.79078334083279
667517.02141074,5073056.10735802,0.014507789253722933,0.9949995546256286,11.155302058563393,45.79073484253099
667717.02141074,5073056.10735802,0.014490648833890096,0.9950054624680864,11.157873449562192,45.790686286400295
667917.02141074,5073056.10735802,0.014482298523758921,0.9950083405957642,11.160444833971571,45.790637672441086
668117.02141074,5073056.10735802,0.014482738324413515,0.9950081890082881,11.16301621178371,45.79058900065376
668317.02141074,5073056.10735802,0.026083669093053867,0.9910096596832562,11.165587582990787,45.79054027103868
668517.02141074,5073056.10735802,0.025621391730791098,0.9911689942768479,11.16815894758498,45.79049148359628
668717.02141074,5073056.10735802,0.02562138712680865,0.991168995863717,11.170730305558468,45.790442638326894
668917.02141074,5073056.10735802,0.025621382682873083,0.9911689973954222,11.173301656903428,45.79039373523094
664917.02141074,5073256.10735802,3.673534366067651e-09,0.9999999987486529,11.121941676453735,45.79315970799592
665117.02141074,5073256.10735802,0.1703456055042174,0.9412864439577366,11.12451323501976,45.793111900688075
665317.02141074,5073256.10735802,2.5897854128616176e-10,0.9999999999255585,11.127084787097306,45.793064035543125
665517.02141074,5073256.10735802,2.626449017113549e-10,0.9999999999242948,11.129656332678552,45.79301611256143
665717.02141074,5073256.10735802,2.626449380724678e-10,0.9999999999242948,11.132227871755669,45.79296813174339
665917.02141074,5073256.10735802,4.608887737502989e-10,0.9999999998559654,11.134799404320834,45.792920093089386
666117.02141074,5073256.10735802,1.1522728553627685e-09,0.999999999617664,11.13737093036622,45.79287199659979
666317.02141074,5073256.10735802,0.016964268016600805,0.9941528723580094,11.139942449884009,45.79282384227501
666517.02141074,5073256.10735802,0.01690092764697578,0.9941747040825887,11.142513962866373,45.79277563011539
666717.02141074,5073256.10735802,0.016900927077814615,0.9941747042787632,11.145085469305485,45.79272736012136
666917.02141074,5073256.10735802,0.01461195193480849,0.9949636525464591,11.147656969193529,45.79267903229327
667117.02141074,5073256.10735802,0.01456844071793061,0.9949786496945435,11.150228462522675,45.79263064663152
667317.02141074,5073256.10735802,0.014533719867353185,0.9949906170394052,11.1527999492851,45.792582203136504
667517.02141074,5073256.10735802,0.014507789259459747,0.9949995546236512,11.155371429472986,45.79253370180859
667717.02141074,5073256.10735802,0.014490648821101255,0.9950054624724943,11.157942903078505,45.792485142648175
667917.02141074,5073256.10735802,0.01448229851111501,0.9950083406001221,11.160514370093832,45.79243652565563
668117.02141074,5073256.10735802,0.014482738326774634,0.9950081890074742,11.163085830511148,45.79238785083138
668317.02141074,5073256.10735802,0.026083667684128276,0.991009660168875,11.16565728432263,45.792339118175775
668517.02141074,5073256.10735802,0.025621391360180778,0.9911689944045873,11.168228731520452,45.79229032768923
668717.02141074,5073256.10735802,0.02562138627046624,0.9911689961588752,11.170800172096795,45.792241479372116
668917.02141074,5073256.10735802,0.02562138138182408,0.9911689978438589,11.173371606043833,45.79219257322483
669117.02141074,5073256.10735802,0.025621376759308454,0.9911689994371159,11.175943033353748,45.79214360924777
664917.02141074,5073456.10735802,3.671573276939874e-09,0.9999999987493288,11.12200997988685,45.79495860568379
665117.02141074,5073456.10735802,0.09935003989451135,0.9657567090337953,11.124581621077363,45.79491079539287
665317.02141074,5073456.10735802,2.5897852550317667e-10,0.9999999999255585,11.127153255778639,45.794862927261235
665517.02141074,5073456.10735802,2.62644890023629e-10,0.9999999999242948,11.12972488398285,45.79481500128927
665717.02141074,5073456.10735802,2.6264492997725054e-10,0.9999999999242948,11.132296505682175,45.794767017477355
665917.02141074,5073456.10735802,2.6685133540887276e-10,0.9999999999228449,11.134868120868784,45.794718975825866
666117.02141074,5073456.10735802,5.242386866972659e-10,0.9999999998341305,11.137439729534854,45.794670876335196
666317.02141074,5073456.10735802,0.01696426833395203,0.994152872248627,11.140011331672559,45.794622719005716
666517.02141074,5073456.10735802,0.016900927916208418,0.9941747039897915,11.142582927274074,45.79457450383781
666717.02141074,5073456.10735802,0.01690092729782273,0.9941747042029324,11.145154516331576,45.79452623083188
666917.02141074,5073456.10735802,0.016287186911513783,0.994386244033792,11.147726098837238,45.79447789998829
667117.02141074,5073456.10735802,0.014568440841091945,0.9949786496520932,11.150297674783237,45.794429511307435
667317.02141074,5073456.10735802,0.014533719925195037,0.9949906170194687,11.152869244161746,45.794381064789704
667517.02141074,5073456.10735802,0.014507789270258833,0.9949995546199291,11.155440806964945,45.79433256043548
667717.02141074,5073456.10735802,0.014490648807849263,0.9950054624770619,11.158012363185005,45.79428399824515
667917.02141074,5073456.10735802,0.014482298496983098,0.995008340604993,11.160583912814106,45.7942353782191
668117.02141074,5073456.10735802,0.014491968066841387,0.9950050077639124,11.163155455844421,45.79418670035771
668317.02141074,5073456.10735802,0.026083666056794217,0.9910096607297734,11.16572699226813,45.794137964661395
668517.02141074,5073456.10735802,0.02562139086453762,0.9911689945754222,11.168298522077405,45.79408917113052
668717.02141074,5073456.10735802,0.02562138521092417,0.9911689965240709,11.170870045264424,45.79404031976548
668917.02141074,5073456.10735802,0.02562137981218471,0.9911689983848714,11.173441561821365,45.79399141056667
669117.02141074,5073456.10735802,0.02516868640304073,0.9913250296471736,11.176013071740403,45.79394244353444
669317.02141074,5073456.10735802,0.025168681290503377,0.9913250314093279,11.178584575013716,45.79389341866924
669517.02141074,5073456.10735802,0.025168676488431362,0.9913250330644732,11.181156071633477,45.79384433597146
664717.02141074,5073656.10735802,0.008383971149990526,0.9971102702877828,11.119506559496378,45.7968052581529
664917.02141074,5073656.10735802,3.6715732596291067e-09,0.9999999987493288,11.122078289801376,45.79675750272343
665117.02141074,5073656.10735802,0.033928246777930104,0.9883058443997224,11.124650013624203,45.79670968944926
665317.02141074,5073656.10735802,2.5897850681918935e-10,0.9999999999255585,11.127221730957034,45.796661818330776
665517.02141074,5073656.10735802,2.5897857483507293e-10,0.9999999999255585,11.12979344179204,45.79661388936834
665717.02141074,5073656.10735802,2.626449205701845e-10,0.9999999999242948,11.132365146121398,45.79656590256236
665917.02141074,5073656.10735802,2.6685132578570585e-10,0.9999999999228449,11.134936843937275,45.79651785791319
666117.02141074,5073656.10735802,5.242387141153572e-10,0.9999999998341305,11.137508535231852,45.79646975542123
666317.02141074,5073656.10735802,1.1426663823521867e-09,0.9999999996209751,11.1400802199973,45.796421595086876
666517.02141074,5073656.10735802,0.016964267845716002,0.9941528724169089,11.142651898225793,45.79637337691049
666717.02141074,5073656.10735802,0.01690092756573119,0.9941747041105915,11.145223569909504,45.79632510089245
666917.02141074,5073656.10735802,0.016900926834112918,0.9941747043627607,11.147795235040611,45.79627676703317
667117.02141074,5073656.10735802,0.014568440998346801,0.9949786495978916,11.150366893611286,45.79622837533303
667317.02141074,5073656.10735802,0.014533720002058242,0.994990616992976,11.152938545613706,45.7961799257924
667517.02141074,5073656.10735802,0.014507789287863471,0.9949995546138612,11.15551019104004,45.79613141841166
667717.02141074,5073656.10735802,0.014490648794242621,0.9950054624817518,11.15808182988247,45.79608285319124
667917.02141074,5073656.10735802,0.014482298481084328,0.9950083406104729,11.160653462133165,45.79603423013147
668117.02141074,5073656.10735802,0.014491968071900278,0.9950050077621687,11.163225087784305,45.795985549232775
668317.02141074,5073656.10735802,0.02608366416076305,0.9910096613832844,11.165796706828063,45.79593681049553
668517.02141074,5073656.10735802,0.025621390206136137,0.9911689948023554,11.168368319256613,45.795888013920134
668717.02141074,5073656.10735802,0.02562138389357916,0.9911689969781243,11.170939925062134,45.79583915950697
668917.02141074,5073656.10735802,0.025621377907286767,0.9911689990414386,11.173511524236797,45.79579024725642
669117.02141074,5073656.10735802,0.025168685518320702,0.9913250299521128,11.176083116772784,45.79574127716889
669317.02141074,5073656.10735802,0.025168679890882797,0.9913250318917396,11.178654702662266,45.79569224924475
669517.02141074,5073656.10735802,0.37705886788920007,0.8700379331267185,11.18122628189742,45.79564316348441
669717.02141074,5073656.10735802,0.5852993168996117,0.7982630420742891,11.183797854470422,45.79559401988825
664717.02141074,5073856.10735802,0.008383970715539918,0.9971102704375262,11.119574793252175,45.798604157524174
664917.02141074,5073856.10735802,3.6715732384529724e-09,0.9999999987493288,11.122146606198074,45.79855639911486
665117.02141074,5073856.10735802,3.6762060140336378e-09,0.9999999987477319,11.124718412661041,45.79850858285724
665317.02141074,5073856.10735802,2.5897848456074656e-10,0.9999999999255585,11.127290212633254,45.7984607087517
665517.02141074,5073856.10735802,2.5897855975901625e-10,0.9999999999255585,11.129862006106881,45.79841277679861
665717.02141074,5073856.10735802,2.6264490955303584e-10,0.9999999999242948,11.132433793074094,45.79836478699836
665917.02141074,5073856.10735802,2.668513145343995e-10,0.9999999999228449,11.13500557352707,45.79831673935133
666117.02141074,5073856.10735802,5.242387462635557e-10,0.9999999998341305,11.13757734745798,45.7982686338579
666317.02141074,5073856.10735802,1.1522728421320949e-09,0.999999999617664,11.140149114858996,45.798220470518466
666517.02141074,5073856.10735802,0.016964268240084988,0.9941528722809804,11.142720875722292,45.798172249333405
666717.02141074,5073856.10735802,0.016900927893342695,0.9941747039976726,11.14529263004004,45.79812397030309
666917.02141074,5073856.10735802,0.01690092708770359,0.9941747042753548,11.147864377804417,45.79807563342793
667117.02141074,5073856.10735802,0.014611951659430236,0.9949636526413747,11.150436119007594,45.79802723870829
667317.02141074,5073856.10735802,0.014533720103861485,0.994990616957887,11.153007853641745,45.79797878614456
667517.02141074,5073856.10735802,0.014507789314680832,0.994999554604618,11.155579581699044,45.797930275737144
667717.02141074,5073856.10735802,0.01449064878047052,0.9950054624864987,11.158151303171666,45.7978817074864
667917.02141074,5073856.10735802,0.014482298463065625,0.9950083406166834,11.160723018051781,45.79783308139274
668117.02141074,5073856.10735802,0.014491968079529351,0.9950050077595393,11.16329472633157,45.797784397456525
668317.02141074,5073856.10735802,0.0260836619300373,0.9910096621521557,11.165866428003202,45.797735655678174
668517.02141074,5073856.10735802,0.025621389333785785,0.9911689951030312,11.168438123058852,45.797686856058064
668717.02141074,5073856.10735802,0.02562138224587972,0.9911689975460422,11.171009811490697,45.79763799859657
668917.02141074,5073856.10735802,0.025621375580186616,0.9911689998435276,11.17358149329091,45.7975890832941
669117.02141074,5073856.10735802,0.025168684302732683,0.9913250303710933,11.176153168451668,45.79754011015105
669317.02141074,5073856.10735802,0.02516867809487417,0.9913250325107755,11.178724836965143,45.79749107916778
669517.02141074,5073856.10735802,0.585299339168215,0.7982630343988996,11.181296498823514,45.797441990344694
669717.02141074,5073856.10735802,0.5852993031352282,0.7982630468185026,11.18386815401895,45.7973928436822
669917.02141074,5073856.10735802,0.5825189355658984,0.7992213648605674,11.186439802543632,45.79734363918069
664717.02141074,5074056.10735802,0.008234038200892432,0.997161948149302,11.119643033483076,45.800403056247404
664917.02141074,5074056.10735802,3.671573212405241e-09,0.9999999987493288,11.122214929077701,45.80035529485804
665117.02141074,5074056.10735802,3.6762060194136403e-09,0.9999999987477319,11.124786818188637,45.80030747561679
665317.02141074,5074056.10735802,2.5897845785856224e-10,0.9999999999255585,11.127358700808056,45.800259598524
665517.02141074,5074056.10735802,2.589785413713214e-10,0.9999999999255585,11.129930576928132,45.80021166358006
665717.02141074,5074056.10735802,2.6264489653822473e-10,0.9999999999242948,11.132502446541032,45.800163670785366
665917.02141074,5074056.10735802,2.6685130126097984e-10,0.9999999999228449,11.135074309638929,45.80011562014027
666117.02141074,5074056.10735802,5.242387842992571e-10,0.9999999998341305,11.137646166214,45.80006751164518
666317.02141074,5074056.10735802,2.3321719661105477e-09,0.9999999992109844,11.14021801625841,45.800019345300484
666517.02141074,5074056.10735802,0.01696426873042309,0.994152872111974,11.142789859764337,45.79997112110655
666717.02141074,5074056.10735802,0.016964267591824695,0.9941528725044183,11.145361696723949,45.79992283906376
666917.02141074,5074056.10735802,0.016900927407182645,0.9941747041652389,11.147933527129421,45.79987449917253
667117.02141074,5074056.10735802,0.015415451992382,0.9946867076523859,11.150505350972926,45.7998261014332
667317.02141074,5074056.10735802,0.014568440406948959,0.9949786498017306,11.153077168246636,45.799777645846184
667517.02141074,5074056.10735802,0.014507789354083355,0.9949995545910371,11.155648978942725,45.79972913241186
667717.02141074,5074056.10735802,0.014490648766849884,0.9950054624911934,11.158220783053364,45.79968056113064
667917.02141074,5074056.10735802,0.014482298442473236,0.9950083406237811,11.160792580570726,45.79963193200288
668117.02141074,5074056.10735802,0.014491968090683042,0.9950050077556949,11.163364371486988,45.79958324502897
668317.02141074,5074056.10735802,0.026083659276568295,0.9910096630667352,11.165936155794322,45.79953450020931
668517.02141074,5074056.10735802,0.02562138817700675,0.9911689955017419,11.168507933484896,45.79948569754428
668717.02141074,5074056.10735802,0.025621380170169895,0.9911689982614835,11.171079704550895,45.799436837034285
668917.02141074,5074056.10735802,0.025168690074668296,0.9913250283816621,11.173651468984481,45.7993879186797
669117.02141074,5074056.10735802,0.02516868265522618,0.9913250309389446,11.176223226777834,45.799338942480915
669317.02141074,5074056.10735802,0.2367691920532968,0.91839201729602,11.178794977923129,45.79928990843833
669517.02141074,5074056.10735802,0.5852993250094034,0.7982630392790617,11.181366722412536,45.79924081655233
669717.02141074,5074056.10735802,0.585299285971044,0.798263052734536,11.183938460238235,45.7991916668233
669917.02141074,5074056.10735802,0.5825189152375705,0.7992213718671961,11.186510191392395,45.79914245925164
670117.02141074,5074056.10735802,0.5825188697516962,0.7992213875449556,11.189081915867193,45.79909319383775
664517.02141074,5074256.10735802,0.0013400636984395252,0.9995381160416746,11.117139295462035,45.80224966083624
664717.02141074,5074256.10735802,0.008081590963821899,0.9972144926183713,11.119711280189835,45.802201954322555
664917.02141074,5074256.10735802,0.015847695480210956,0.994537724928835,11.122283258441017,45.802154189952994
665117.02141074,5074256.10735802,3.6735344008197194e-09,0.9999999987486528,11.12485523020775,45.8021063677279
665317.02141074,5074256.10735802,0.08180683239131094,0.9718033815858191,11.127427195482207,45.80205848764766
665517.02141074,5074256.10735802,2.5897851876733736e-10,0.9999999999255585,11.129999154256558,45.802010549712705
665717.02141074,5074256.10735802,2.6264488101488703e-10,0.9999999999242948,11.13257110652297,45.801962553923346
665917.02141074,5074256.10735802,2.6685128544414393e-10,0.9999999999228449,11.135143052273621,45.80191450028002
666117.02141074,5074256.10735802,5.242388297566232e-10,0.9999999998341305,11.137714991500676,45.801866388783075
666317.02141074,5074256.10735802,2.332171878123771e-09,0.9999999992109845,11.14028692419631,45.80181821943292
666517.02141074,5074256.10735802,1.142666376876409e-09,0.9999999996209751,11.142858850352694,45.80176999222992
666717.02141074,5074256.10735802,0.016964268094392682,0.9941528723311966,11.145430769961997,45.80172170717447
666917.02141074,5074256.10735802,0.016900927811797962,0.9941747040257789,11.148002683016394,45.801673364266954
667117.02141074,5074256.10735802,0.01685074747123716,0.9941919998417159,11.150574589508054,45.80162496350777
667317.02141074,5074256.10735802,0.0145684405999423,0.994978649735211,11.153146489429151,45.80157650489726
667517.02141074,5074256.10735802,0.014533719462672649,0.9949906171788877,11.155718382771854,45.80152798843587
667717.02141074,5074256.10735802,0.014490648753902267,0.995005462495656,11.15829026952834,45.80147941412395
667917.02141074,5074256.10735802,0.01448229841871413,0.9950083406319702,11.160862149690775,45.80143078196189
668117.02141074,5074256.10735802,0.01449196810673211,0.9950050077501632,11.163434023251336,45.80138209195009
668317.02141074,5074256.10735802,0.026083656080701,0.9910096641682649,11.166005890202197,45.80133334408893
668517.02141074,5074256.10735802,0.025621386637170465,0.9911689960324821,11.168577750535524,45.8012845383788
668717.02141074,5074256.10735802,0.025621377533139887,0.991168999170397,11.171149604243498,45.80123567482009
668917.02141074,5074256.10735802,0.025168688767016095,0.9913250288323747,11.173721451318285,45.80118675341319
669117.02141074,5074256.10735802,0.025168680440459168,0.9913250317023153,11.17629329175206,45.8011377741585
669317.02141074,5074256.10735802,0.5852993540558982,0.7982630292675149,11.178865125536998,45.80108873705638
669517.02141074,5074256.10735802,0.5852993067771171,0.7982630455632412,11.181436952665273,45.80103964210727
669717.02141074,5074256.10735802,0.5825189441028047,0.799221361918125,11.184008773129055,45.80099048931151
669917.02141074,5074256.10735802,0.5825188896652468,0.7992213806812895,11.186580586920519,45.80094127866952
670117.02141074,5074256.10735802,0.582518841594248,0.7992213972500719,11.18915239403184,45.80089201018169
664517.02141074,5074456.10735802,0.0011777915608784245,0.9995940468901223,11.117207465980272,45.80404856124016
664717.02141074,5074456.10735802,0.007926628833669966,0.9972679039035551,11.119779533373215,45.80400085174968
664917.02141074,5074456.10735802,0.008530463914495325,0.997059778165516,11.122351594288782,45.80395308439969
665117.02141074,5074456.10735802,3.673534384667205e-09,0.9999999987486528,11.124923648719141,45.80390525919057
665317.02141074,5074456.10735802,0.0818068398178737,0.9718033790260824,11.127495696656464,45.80385737612273
665517.02141074,5074456.10735802,2.589784907307754e-10,0.9999999999255585,11.130067738092919,45.80380943519652
665717.02141074,5074456.10735802,2.6264486229900823e-10,0.9999999999242948,11.132639773020674,45.803761436412344
665917.02141074,5074456.10735802,2.668512663824244e-10,0.999999999922845,11.135211801431906,45.80371337977057
666117.02141074,5074456.10735802,5.242388847036501e-10,0.9999999998341303,11.137783823318777,45.80366526527158
666317.02141074,5074456.10735802,5.063339182350194e-10,0.9999999998403017,11.140355838673463,45.80361709291578
666517.02141074,5074456.10735802,1.2979064319636723e-09,0.999999999567468,11.142927847488131,45.80356886270352
666717.02141074,5074456.10735802,0.016964268741635074,0.9941528721081095,11.145499849754955,45.803520574635215
666917.02141074,5074456.10735802,0.016964267193931373,0.9941528726415615,11.148071845466102,45.80347222871124
667117.02141074,5074456.10735802,0.016900927100633883,0.994174704270898,11.150643834613746,45.803423824931976
667317.02141074,5074456.10735802,0.014568440866129052,0.9949786496434635,11.153215817190056,45.80337536329781
667517.02141074,5074456.10735802,0.014533719555393185,0.9949906171469294,11.155787793187205,45.803326843809145
667717.02141074,5074456.10735802,0.014490648742482685,0.9950054624995921,11.158359762597362,45.803278266466336
667917.02141074,5074456.10735802,0.014482298390998235,0.9950083406415231,11.160931725412699,45.803229631269794
668117.02141074,5074456.10735802,0.020856760660786313,0.9928112346656857,11.163503681625388,45.803180938219896
668317.02141074,5074456.10735802,0.026083652176403453,0.9910096655139714,11.166075631227601,45.80313218731705
668517.02141074,5074456.10735802,0.025621384573719676,0.9911689967436982,11.168647574211509,45.80308337856162
668717.02141074,5074456.10735802,0.02562137415001568,0.991169000336469,11.171219510569284,45.80303451195401
668917.02141074,5074456.10735802,0.025168686847657783,0.991325029493926,11.1737914402931,45.802985587494604
669117.02141074,5074456.10735802,0.025168677475859637,0.9913250327241332,11.176363363375124,45.80293660518379
669317.02141074,5074456.10735802,0.5852993351664936,0.7982630357781855,11.178935279807535,45.802887565021976
669517.02141074,5074456.10735802,0.5852992833811643,0.798263053627198,11.181507189582499,45.80283846700952
669717.02141074,5074456.10735802,0.5825189157702708,0.7992213716835886,11.184079092692192,45.802789311146846
669917.02141074,5074456.10735802,0.5825188576897044,0.7992213917024003,11.186650989128786,45.80274009743433
670117.02141074,5074456.10735802,0.5791782236753684,0.8003728185436525,11.189222878884456,45.802690825872375
670317.02141074,5074456.10735802,0.5791781646595228,0.8003728388848298,11.191794761951371,45.80264149646136
664517.02141074,5074656.10735802,0.0011777903581968471,0.9995940473046544,11.117275642968053,45.80584746099619
664717.02141074,5074656.10735802,0.0077691515833453175,0.9973221820831258,11.11984779303397,45.80579974852871
664917.02141074,5074656.10735802,0.00838397116196261,0.9971102702836563,11.122419936621753,45.805751978198124
665117.02141074,5074656.10735802,3.673534363542818e-09,0.9999999987486529,11.124992073723568,45.80570415000479
665317.02141074,5074656.10735802,0.08180684947996442,0.9718033756958191,11.127564204331586,45.80565626394913
665517.02141074,5074656.10735802,2.589784556009891e-10,0.9999999999255585,11.130136328437978,45.80560832003151
665717.02141074,5074656.10735802,2.626448394585569e-10,0.9999999999242949,11.132708446034908,45.805560318252304
665917.02141074,5074656.10735802,2.626449230287589e-10,0.9999999999242948,11.135280557114546,45.80551225861189
666117.02141074,5074656.10735802,5.242389519810639e-10,0.9999999998341303,11.137852661669063,45.805464141110676
666317.02141074,5074656.10735802,5.063340144386885e-10,0.9999999998403017,11.14042475969063,45.80541596574902
666517.02141074,5074656.10735802,2.3321719654627097e-09,0.9999999992109844,11.142996851171414,45.80536773252732
666717.02141074,5074656.10735802,1.170292483874324e-09,0.999999999611453,11.145568936103587,45.80531944144597
666917.02141074,5074656.10735802,0.016964267854522798,0.9941528724138734,11.148141014479316,45.805271092505336
667117.02141074,5074656.10735802,0.016900927606183575,0.9941747040966487,11.150713086290772,45.80522268570581
667317.02141074,5074656.10735802,0.014611951521663972,0.994963652688859,11.153285151530124,45.805174221047785
667517.02141074,5074656.10735802,0.014533719697092709,0.9949906170980893,11.155857210189545,45.80512569853163
667717.02141074,5074656.10735802,0.014490648734001441,0.9950054625025153,11.158429262261203,45.80507711815776
667917.02141074,5074656.10735802,0.014482298358249268,0.9950083406528109,11.161001307737271,45.80502847992654
668117.02141074,5074656.10735802,0.022991096417445404,0.9920755864420504,11.163573346609915,45.804979783838355
668317.02141074,5074656.10735802,0.025621394810738066,0.9911689932152729,11.166145378871311,45.80493102989362
668517.02141074,5074656.10735802,0.02562138178220577,0.9911689977058581,11.168717404513627,45.80488221809271
668717.02141074,5074656.10735802,0.02516869580823229,0.9913250264054566,11.171289423529034,45.80483334843599
668917.02141074,5074656.10735802,0.025168684081338735,0.991325030447402,11.173861435909702,45.80478442092388
669117.02141074,5074656.10735802,0.5852993746392354,0.7982630221729913,11.176433441647806,45.804735435556765
669317.02141074,5074656.10735802,0.585299309897653,0.7982630444876763,11.179005440735512,45.804686392335036
669517.02141074,5074656.10735802,0.5825189507359151,0.7992213596318699,11.181577433164998,45.80463729125907
669717.02141074,5074656.10735802,0.5825188792968433,0.7992213842549997,11.18414941892843,45.80458813232927
669917.02141074,5074656.10735802,0.5791782493221028,0.8003728097039118,11.186721398017982,45.80453891554603
670117.02141074,5074656.10735802,0.5791781783460234,0.8003728341674605,11.189293370425826,45.80448964090975
670317.02141074,5074656.10735802,0.5752772517062816,0.801717378831581,11.191865336144133,45.8044403084208
664517.02141074,5074856.10735802,0.001177788831360716,0.9995940478309139,11.117343826426138,45.80764636010434
664717.02141074,5074856.10735802,0.001340064023466614,0.9995381159296465,11.11991605917286,45.80759864465966
664917.02141074,5074856.10735802,0.008383970328728839,0.9971102705708496,11.122488285440692,45.807550871348276
665117.02141074,5074856.10735802,3.6715732652249252e-09,0.9999999987493288,11.125060505221795,45.807503040170545
665317.02141074,5074856.10735802,0.0818068621714322,0.971803371321411,11.127632718508341,45.80745515112688
665517.02141074,5074856.10735802,2.589784110718798e-10,0.9999999999255585,11.130204925292496,45.80740720421764
665717.02141074,5074856.10735802,2.62644811198367e-10,0.9999999999242949,11.132777125566427,45.807359199443226
665917.02141074,5074856.10735802,2.6264490781518893e-10,0.9999999999242948,11.135349319322309,45.80731113680399
666117.02141074,5074856.10735802,5.242390355754529e-10,0.9999999998341303,11.137921506552303,45.80726301630035
666317.02141074,5074856.10735802,5.063341277156299e-10,0.9999999998403016,11.14049368724858,45.80721483793266
666517.02141074,5074856.10735802,2.332171819978416e-09,0.9999999992109845,11.14306586140331,45.807166601701326
666717.02141074,5074856.10735802,1.1426663681472768e-09,0.9999999996209751,11.14563802900866,45.80711830760673
666917.02141074,5074856.10735802,0.016964268747823287,0.9941528721059767,11.1482101900568,45.80706995564925
667117.02141074,5074856.10735802,0.016900928285281423,0.9941747038625819,11.150782344539898,45.80702154582926
667317.02141074,5074856.10735802,0.016850747683036803,0.9941919997687143,11.153354492450124,45.80697307814717
667517.02141074,5074856.10735802,0.014533719911111201,0.9949906170243229,11.155926633779647,45.80692455260338
667717.02141074,5074856.10735802,0.01450778875585202,0.9949995547972313,11.158498768520639,45.80687596919822
667917.02141074,5074856.10735802,0.014482298318962571,0.9950083406663519,11.161070896665263,45.80682732793213
668117.02141074,5074856.10735802,0.022991098767284904,0.9920755856321238,11.163643018205693,45.806778628805475
668317.02141074,5074856.10735802,0.025621393380383682,0.9911689937082776,11.1662151331341,45.806729871818646
668517.02141074,5074856.10735802,0.025621377958335002,0.9911689990238437,11.168787241442653,45.80668105697204
668717.02141074,5074856.10735802,0.025168693680802347,0.9913250271387246,11.17135934312352,45.80663218426604
668917.02141074,5074856.10735802,0.025168680131539316,0.9913250318087917,11.173931438168871,45.80658325370104
669117.02141074,5074856.10735802,0.5852993481777258,0.7982630312935631,11.17650352657088,45.80653426527742
669317.02141074,5074856.10735802,0.5825189987757218,0.7992213430738385,11.179075608321716,45.80648521899558
669517.02141074,5074856.10735802,0.5825189090233608,0.7992213740090673,11.181647683413548,45.80643611485591
669717.02141074,5074856.10735802,0.5791782827103034,0.8003727981958957,11.184219751838548,45.8063869528588
669917.02141074,5074856.10735802,0.5791781957664822,0.8003728281630962,11.186791813588885,45.806337733004646
670117.02141074,5074856.10735802,0.5752772675078961,0.8017173733851888,11.18936386865673,45.80628845529384
670317.02141074,5074856.10735802,0.5752771916531939,0.8017173995302678,11.19193591703426,45.80623911972676
664517.02141074,5075056.10735802,0.0010089533897257059,0.9996522408740365,11.117412016355285,45.80944525856459
664717.02141074,5075056.10735802,0.0011777915276468011,0.9995940469015764,11.119984331790645,45.80939754014252
664917.02141074,5075056.10735802,0.008234037646339747,0.9971619483404415,11.122556640746355,45.80934976385016
665117.02141074,5075056.10735802,3.6715732195597603e-09,0.9999999987493288,11.125128943214579,45.80930192968785
665317.02141074,5075056.10735802,0.17034561958216704,0.9412864391054454,11.127701239187482,45.809254037655975
665517.02141074,5075056.10735802,2.552837340450722e-10,0.999999999926832,11.130273528657234,45.80920608775492
665717.02141074,5075056.10735802,2.589785229887326e-10,0.9999999999255585,11.132845811616004,45.80915807998511
665917.02141074,5075056.10735802,2.626448885794847e-10,0.9999999999242948,11.135418088055955,45.80911001434686
666117.02141074,5075056.10735802,5.24239141219877e-10,0.9999999998341303,11.137990357969258,45.809061890840596
666317.02141074,5075056.10735802,5.063342629853541e-10,0.9999999998403016,11.14056262134808,45.80901370946669
666517.02141074,5075056.10735802,2.332171623488247e-09,0.9999999992109845,11.143134878184586,45.80896547022553
666717.02141074,5075056.10735802,2.3433128177551456e-09,0.9999999992071444,11.145707128470944,45.808917173117486
666917.02141074,5075056.10735802,0.017040767842127474,0.9941265049223417,11.148279372199328,45.808868818142955
667117.02141074,5075056.10735802,0.016964267426114135,0.9941528725615343,11.150851609361899,45.80882040530234
667317.02141074,5075056.10735802,0.016900927117347454,0.9941747042651373,11.153423839950827,45.80877193459601
667517.02141074,5075056.10735802,0.01456844008445933,0.9949786499128841,11.155996063958284,45.80872340602433
667717.02141074,5075056.10735802,0.01450778878290781,0.9949995547879059,11.158568281376436,45.808674819587736
667917.02141074,5075056.10735802,0.014482298270968938,0.995008340682894,11.161140492197449,45.80862617528657
668117.02141074,5075056.10735802,0.024581367438911237,0.9915274627232822,11.163712696413498,45.808577473121254
668317.02141074,5075056.10735802,0.025621391133085165,0.991168994482861,11.166284894016744,45.80852871309214
668517.02141074,5075056.10735802,0.025621372637376787,0.9911690008578351,11.168857084999363,45.80847989519965
668717.02141074,5075056.10735802,0.02516869022640992,0.9913250283293609,11.17142926935352,45.80843101944416
668917.02141074,5075056.10735802,0.5852994049141229,0.7982630117380505,11.174001447071387,45.808382085826075
669117.02141074,5075056.10735802,0.5852993109024393,0.7982630441413534,11.176573618145131,45.80833309434576
669317.02141074,5075056.10735802,0.582518951152348,0.7992213594883367,11.179145782566922,45.80828404500362
669517.02141074,5075056.10735802,0.5791783274386578,0.800372782779233,11.18171794032893,45.808234937800044
669717.02141074,5075056.10735802,0.5791782185263806,0.8003728203183703,11.184290091423325,45.80818577273541
669917.02141074,5075056.10735802,0.5752772865708417,0.8017173668147033,11.186862235842279,45.80813654981015
670117.02141074,5075056.10735802,0.5752771948333367,0.8017173984341579,11.189434373577958,45.80808726902462
670317.02141074,5075056.10735802,0.5752771193636007,0.8017174244465494,11.192006504622535,45.80803793037922
664517.02141074,5075256.10735802,0.0010089510520047257,0.9996522416797862,11.11748021275625,45.81124415637692
664717.02141074,5075256.10735802,0.001177789629070406,0.9995940475559647,11.120052610888083,45.811196434977305
664917.02141074,5075256.10735802,0.007926629025533587,0.9972679038374248,11.122625002539504,45.81114865570375
665117.02141074,5075256.10735802,0.0019297620803543003,0.9993348628441481,11.12519738770268,45.81110081855665
665317.02141074,5075256.10735802,0.17034560742449992,0.9412864432958667,11.127769766369777,45.8110529235364
665517.02141074,5075256.10735802,2.552837060827516e-10,0.999999999926832,11.13034213853296,45.81100497064336
665717.02141074,5075256.10735802,2.5897847710557357e-10,0.9999999999255585,11.132914504184397,45.81095695987794
665917.02141074,5075256.10735802,2.6264486377272577e-10,0.9999999999242948,11.135486863316252,45.81090889124049
666117.02141074,5075256.10735802,5.242392773944591e-10,0.9999999998341302,11.138059215920695,45.81086076473141
666317.02141074,5075256.10735802,5.063344272306187e-10,0.9999999998403016,11.14063156198989,45.81081258035108
666517.02141074,5075256.10735802,2.32188334470253e-09,0.9999999992145306,11.143203901516006,45.810764338099894
666717.02141074,5075256.10735802,2.332171929640601e-09,0.9999999992109844,11.145776234491208,45.81071603797823
666917.02141074,5075256.10735802,1.1702925329276664e-09,0.999999999611453,11.148348560907664,45.81066767998647
667117.02141074,5075256.10735802,0.01696426873721508,0.994152872109633,11.15092088075754,45.81061926412501
667317.02141074,5075256.10735802,0.01690092803549767,0.9941747039486756,11.153493194033004,45.81057079039423
667517.02141074,5075256.10735802,0.014568440629691646,0.9949786497249572,11.156065500726225,45.81052225879452
667717.02141074,5075256.10735802,0.014507788852691755,0.9949995547638533,11.158637800829371,45.81047366932626
667917.02141074,5075256.10735802,0.01448229821102331,0.9950083407035557,11.161210094334605,45.810425021989836
668117.02141074,5075256.10735802,0.026083648713724886,0.9910096667074637,11.163782381234098,45.810376316785636
668317.02141074,5075256.10735802,0.025621387594438026,0.9911689957025377,11.166354661520018,45.81032755371406
668517.02141074,5075256.10735802,0.025621365088840973,0.9911690034596127,11.168926935184533,45.8102787327755
668717.02141074,5075256.10735802,0.02516868475684279,0.9913250302145739,11.171499202219813,45.81022985397033
668917.02141074,5075256.10735802,0.5852993652010493,0.7982630254260806,11.174071462618022,45.81018091729895
669117.02141074,5075256.10735802,0.5825190130748957,0.7992213381452973,11.176643716371332,45.81013192276175
669317.02141074,5075256.10735802,0.5825188850071119,0.7992213822868235,11.179215963471911,45.81008287035911
669517.02141074,5075256.10735802,0.5791782492309945,0.8003728097353144,11.181788203911927,45.810033760091436
669717.02141074,5075256.10735802,0.5752773100206441,0.8017173587321861,11.184360437683548,45.80998459195911
669917.02141074,5075256.10735802,0.5752771968409003,0.8017173977422046,11.186932664778945,45.809935365962524
670117.02141074,5075256.10735802,0.5708159201003193,0.8032550800394318,11.189504885190287,45.809886082102075
670317.02141074,5075256.10735802,0.5708158404902655,0.8032551074788796,11.19207709890974,45.80983674037816
670517.02141074,5075256.10735802,0.5423283809280046,0.813073969838034,11.19464930592948,45.80978734079117
664517.02141074,5075456.10735802,5.394724599355808e-10,0.9999999998288798,11.117548415629795,45.81304305354135
664717.02141074,5075456.10735802,0.0010089542286152741,0.9996522405848938,11.120120896465933,45.81299532916397
664917.02141074,5075456.10735802,0.007769151182698224,0.9973221822212182,11.122693370820901,45.81294754690905
665117.02141074,5075456.10735802,0.00853046404545395,0.9970597781203782,11.125265838686861,45.81289970677698
665317.02141074,5075456.10735802,0.058765821072447856,0.9797449994847822,11.127838300055984,45.81285180876815
665517.02141074,5075456.10735802,5.284391601549829e-09,0.9999999981934335,11.130410754920433,45.81280385288293
665717.02141074,5075456.10735802,2.5897841407465853e-10,0.9999999999255585,11.132983203272369,45.8127558391217
665917.02141074,5075456.10735802,2.62644831025249e-10,0.9999999999242949,11.135555645103965,45.81270776748486
666117.02141074,5075456.10735802,5.242394570606912e-10,0.9999999998341302,11.13812808040738,45.81265963797277
666317.02141074,5075456.10735802,5.063346306900111e-10,0.9999999998403015,11.140700509174783,45.812611450585834
666517.02141074,5075456.10735802,1.0774731027320474e-09,0.9999999996434454,11.143272931398341,45.81256320532445
666717.02141074,5075456.10735802,2.3321716482444427e-09,0.9999999992109845,11.145845347070217,45.812514902188965
666917.02141074,5075456.10735802,1.1426663521430831e-09,0.9999999996209751,11.14841775618258,45.81246654117978
667117.02141074,5075456.10735802,0.017040767452574677,0.99412650505661,11.150990158727593,45.81241812229728
667317.02141074,5075456.10735802,0.01696426656432767,0.994152872858569,11.153562554697427,45.81236964554187
667517.02141074,5075456.10735802,0.015415455897099964,0.9946867063065344,11.156134944084245,45.81232111091391
667717.02141074,5075456.10735802,0.01453371844722497,0.9949906175288852,11.158707326880213,45.81227251841379
667917.02141074,5075456.10735802,0.014482298134045994,0.9950083407300877,11.161279703077502,45.81222386804193
668117.02141074,5075456.10735802,0.026083640974568608,0.9910096693749431,11.163852072668274,45.81217515979868
668317.02141074,5075456.10735802,0.0256213819412608,0.991168997651036,11.166424435644698,45.81212639368443
668517.02141074,5075456.10735802,0.025168701938489142,0.9913250242925217,11.168996791998943,45.812077569699596
668717.02141074,5075456.10735802,0.5852994536824895,0.7982629949289042,11.171569141723174,45.81202868784455
668917.02141074,5075456.10735802,0.5852993049599811,0.7982630461895592,11.174141484809558,45.81197974811969
669117.02141074,5075456.10735802,0.5825189332388077,0.799221365662653,11.176713821250265,45.8119307505254
669317.02141074,5075456.10735802,0.5791782923542123,0.8003727948718993,11.179286151037463,45.81188169506207
669517.02141074,5075456.10735802,0.5752773395678363,0.8017173485480623,11.181858474163317,45.811832581730094
669717.02141074,5075456.10735802,0.5752771964572883,0.8017173978744254,11.184430790619995,45.81178341052987
669917.02141074,5075456.10735802,0.5708159043574413,0.8032550854655791,11.187003100399668,45.811734181461766
670117.02141074,5075456.10735802,0.5471110188722075,0.811425522963185,11.189575403494501,45.81168489452622
670317.02141074,5075456.10735802,0.5423283418816238,0.813073983296273,11.192147699896665,45.81163554972358
670517.02141074,5075456.10735802,0.5374247203397639,0.8147641299685545,11.194719989598328,45.811586147054264
664517.02141074,5075656.10735802,6.7043955770689e-10,0.999999999783739,11.117616624976673,45.81484195005786
664717.02141074,5075656.10735802,0.0010089509917889344,0.9996522417005409,11.12018918852495,45.81479422270252
664917.02141074,5075656.10735802,0.0011777916335453124,0.999594046865076,11.1227617455913,45.814746437466034
665117.02141074,5075656.10735802,0.008383971094706743,0.9971102703068375,11.125334296167884,45.81469859434882
665317.02141074,5075656.10735802,3.6762060259682757e-09,0.9999999987477319,11.127906840246865,45.81465069335121
665517.02141074,5075656.10735802,5.065061241494863e-09,0.9999999982690309,11.130479377820414,45.81460273447362
665717.02141074,5075656.10735802,2.589783254982449e-10,0.9999999999255585,11.133051908880686,45.81455471771642
665917.02141074,5075656.10735802,2.6264478656686764e-10,0.9999999999242949,11.135624433419855,45.81450664307997
666117.02141074,5075656.10735802,5.242397008092294e-10,0.9999999998341301,11.138196951430078,45.814458510564705
666317.02141074,5075656.10735802,5.063348889734604e-10,0.9999999998403014,11.140769462903524,45.81441032017098
666517.02141074,5075656.10735802,1.6317197674671964e-09,0.9999999994524115,11.143341967832356,45.814362071899154
666717.02141074,5075656.10735802,2.321883396088242e-09,0.9999999992145306,11.145914466208742,45.81431376574967
666917.02141074,5075656.10735802,2.3433126285809536e-09,0.9999999992071446,11.148486958024844,45.81426540172287
667117.02141074,5075656.10735802,1.1801261204910322e-09,0.9999999996080636,11.15105944327283,45.81421697981915
667317.02141074,5075656.10735802,0.016964268670050936,0.9941528721327827,11.153631921944863,45.814168500038896
667517.02141074,5075656.10735802,0.01690092713413046,0.9941747042593527,11.15620439403311,45.814119962382506
667717.02141074,5075656.10735802,0.01453371877339556,0.994990617416463,11.158776859529738,45.81407136685035
667917.02141074,5075656.10735802,0.014482298031619293,0.9950083407653915,11.161349318426911,45.814022713442824
668117.02141074,5075656.10735802,0.026083629905185608,0.9910096731902621,11.163921770716797,45.81397400216032
668317.02141074,5075656.10735802,0.02562137266970273,0.9911690008466931,11.166494216391559,45.813925233003225
668517.02141074,5075656.10735802,0.025168694091547587,0.9913250269971517,11.169066655443364,45.81387640597192
668717.02141074,5075656.10735802,0.5852993875004382,0.79826301774008,11.17163908786438,45.81382752106681
668917.02141074,5075656.10735802,0.5825190120170589,0.7992213385099052,11.174211513646773,45.813778578288264
669117.02141074,5075656.10735802,0.5791783561472483,0.8003727728841527,11.17678393278271,45.8137295776367
669317.02141074,5075656.10735802,0.5752773779445723,0.8017173353206319,11.179356345264358,45.813680519112474
669517.02141074,5075656.10735802,0.5752771912718674,0.8017173996617007,11.18192875108388,45.81363140271602
669717.02141074,5075656.10735802,0.5708158771188713,0.8032550948539827,11.18450115023345,45.813582228447686
669917.02141074,5075656.10735802,0.542328372752652,0.8130739726558587,11.18707354270523,45.81353299630789
670117.02141074,5075656.10735802,0.5374247354072191,0.8147641247752073,11.189645928491387,45.81348370629703
670317.02141074,5075656.10735802,0.5324001405393072,0.8164959677045747,11.192218307584092,45.81343435841548
670517.02141074,5075656.10735802,0.5324000778025901,0.8164959893282364,11.19479067997551,45.81338495266364
664517.02141074,5075856.10735802,6.704394727741681e-10,0.999999999783739,11.117684840797644,45.81664084592642
664717.02141074,5075856.10735802,7.556268806505692e-05,0.9999739555852725,11.120257487065897,45.81659311559294
664917.02141074,5075856.10735802,0.0011777881970278042,0.9995940480495513,11.122830126851465,45.816545327374726
665117.02141074,5075856.10735802,0.008234038039119361,0.9971619482050609,11.125402760146505,45.81649748127214
665317.02141074,5075856.10735802,3.6735344221623263e-09,0.9999999987486528,11.127975386943184,45.81644957728557
665517.02141074,5075856.10735802,5.065061155580593e-09,0.9999999982690309,11.130548007233665,45.81640161541541
665717.02141074,5075856.10735802,2.5528369399718893e-10,0.999999999926832,11.13312062101011,45.81635359566203
665917.02141074,5075856.10735802,2.6264472411034486e-10,0.9999999999242949,11.135693228264685,45.816305518025814
666117.02141074,5075856.10735802,2.6685135826712736e-10,0.9999999999228449,11.138265828989553,45.81625738250716
666317.02141074,5075856.10735802,5.063352270441452e-10,0.9999999998403013,11.140838423176875,45.81620918910643
666517.02141074,5075856.10735802,1.9831535335723415e-09,0.9999999993312817,11.14341101081882,45.81616093782403
666717.02141074,5075856.10735802,3.340175400377404e-09,0.9999999988635527,11.145983591907548,45.81611262866032
666917.02141074,5075856.10735802,2.3321717431780553e-09,0.9999999992109845,11.148556166435226,45.81606426161571
667117.02141074,5075856.10735802,1.1702926177713535e-09,0.999999999611453,11.151128734394018,45.816015836690575
667317.02141074,5075856.10735802,0.01704076718622895,0.9941265051484123,11.153701295776086,45.815967353885306
667517.02141074,5075856.10735802,0.016900929291937674,0.9941747035156145,11.156273850573598,45.81591881320028
667717.02141074,5075856.10735802,0.014568438420922527,0.9949786504862606,11.158846398778717,45.815870214635886
667917.02141074,5075856.10735802,0.014482297888725527,0.9950083408146431,11.161418940383609,45.81582155819252
668117.02141074,5075856.10735802,0.026083613108565277,0.9910096789796061,11.16399147538044,45.815772843870576
668317.02141074,5075856.10735802,0.025621356856239494,0.9911690062971693,11.166564003761373,45.81572407167043
668517.02141074,5075856.10735802,0.585299544655044,0.7982629635731073,11.169136525518574,45.815675241592466
668717.02141074,5075856.10735802,0.58251915071864,0.7992212907031946,11.17170904064421,45.815626353637086
668917.02141074,5075856.10735802,0.579178457309447,0.8003727380162593,11.174281549130445,45.81557740780467
669117.02141074,5075856.10735802,0.5752774298005217,0.8017173174472787,11.176854050969444,45.815528404095616
669317.02141074,5075856.10735802,0.5752771762245716,0.8017174048480995,11.179426546153374,45.81547934251032
669517.02141074,5075856.10735802,0.5471110391563023,0.8114255159718022,11.181999034674403,45.81543022304916
669717.02141074,5075856.10735802,0.5423283031317275,0.8130739966523218,11.184571516524692,45.81538104571254
669917.02141074,5075856.10735802,0.5374246616295013,0.8147641502044055,11.187143991696411,45.81533181050086
670117.02141074,5075856.10735802,0.5324000712900903,0.8164959915729203,11.189716460181726,45.815282517414474
670317.02141074,5075856.10735802,0.5272544992683166,0.8182695320787169,11.192288921972805,45.81523316645383
670517.02141074,5075856.10735802,0.5219879202077465,0.8200847804614771,11.19486137706181,45.81518375761927
664517.02141074,5076056.10735802,6.671994461453614e-10,0.9999999997848558,11.117753063093467,45.81843974114704
664717.02141074,5076056.10735802,6.750721336556373e-10,0.9999999997821423,11.120325792089535,45.818392007835236
664917.02141074,5076056.10735802,0.0010089516607436776,0.9996522414699701,11.122898514602156,45.818344216635076
665117.02141074,5076056.10735802,0.007926629163666467,0.9972679037898141,11.125471230623491,45.81829636754694
665317.02141074,5076056.10735802,3.673534345401654e-09,0.9999999987486529,11.128043940145702,45.818248460571226
665517.02141074,5076056.10735802,0.010316598039971004,0.9964441456941577,11.130616643160954,45.81820049570831
665717.02141074,5076056.10735802,2.552836215134522e-10,0.9999999999268321,11.133189339661406,45.818152472958566
665917.02141074,5076056.10735802,2.626446325516707e-10,0.9999999999242949,11.135762029639226,45.818104392322375
666117.02141074,5076056.10735802,2.668513409027625e-10,0.9999999999228449,11.138334713086572,45.818056253800144
666317.02141074,5076056.10735802,5.063356872817415e-10,0.9999999998403012,11.140907389995606,45.81800805739224
666517.02141074,5076056.10735802,1.997193703711638e-09,0.9999999993264425,11.143480060358497,45.81795980309904
666717.02141074,5076056.10735802,3.35904673154389e-09,0.9999999988570483,11.146052724167406,45.81791149092094
666917.02141074,5076056.10735802,2.321883479000336e-09,0.9999999992145305,11.148625381414494,45.81786312085833
667117.02141074,5076056.10735802,1.1522726078233973e-09,0.9999999996176641,11.151198032091925,45.81781469291158
667317.02141074,5076056.10735802,7.377707853612128e-10,0.9999999997605317,11.153770676191865,45.81776620708109
667517.02141074,5076056.10735802,0.0169642683718624,0.9941528722355603,11.156343313706477,45.81771766336724
667717.02141074,5076056.10735802,0.014611949124393009,0.9949636535151339,11.158915944627925,45.81766906177043
667917.02141074,5076056.10735802,0.014482297675766656,0.9950083408880442,11.161488568948371,45.81762040229103
668117.02141074,5076056.10735802,0.02562140810784743,0.9911689886321163,11.164061186659982,45.81757168492943
668317.02141074,5076056.10735802,0.025168718293549212,0.9913250186553716,11.16663379775492,45.817522909686026
668517.02141074,5076056.10735802,0.585299412721673,0.7982630090469977,11.169206402225353,45.81747407656121
668717.02141074,5076056.10735802,0.5791786341808022,0.8003726770534525,11.17177900006344,45.81742518555537
668917.02141074,5076056.10735802,0.5752775037406863,0.8017172919620893,11.17435159126135,45.8173762366689
669117.02141074,5076056.10735802,0.570816005452491,0.80325505062083,11.176924175811248,45.81732722990218
669317.02141074,5076056.10735802,0.5423283647696606,0.8130739754073814,11.179496753705294,45.817278165255594
669517.02141074,5076056.10735802,0.5374246727319196,0.8147641463777,11.182069324935659,45.817229042729565
669717.02141074,5076056.10735802,0.5324000654390342,0.8164959935896222,11.184641889494507,45.81717986232445
669917.02141074,5076056.10735802,0.5272544917439009,0.8182695346721809,11.187214447374,45.81713062404066
670117.02141074,5076056.10735802,0.5219879159186747,0.820084781939805,11.189786998566305,45.81708132787859
670317.02141074,5076056.10735802,0.52198783881104,0.8200848085167362,11.192359543063588,45.817031973838624
670517.02141074,5076056.10735802,0.5166002424571151,0.8219417683109311,11.194932080858017,45.81698256192116
670717.02141074,5076056.10735802,0.5166001889520643,0.8219417867526854,11.197504611941755,45.816933092126575
664517.02141074,5076256.10735802,0.04581663611370108,0.9842082358255055,11.1178212918649,45.82023863571971
664717.02141074,5076256.10735802,6.704394322340079e-10,0.999999999783739,11.12039410359662,45.82019089942939
664917.02141074,5076256.10735802,0.000833552380773269,0.9997126968919132,11.122966908844132,45.8201431052471
665117.02141074,5076256.10735802,0.0013400628770217785,0.9995381163247953,11.125539707599598,45.82009525317324
665317.02141074,5076256.10735802,3.6715731465877672e-09,0.9999999987493288,11.128112499855181,45.82004734320818
665517.02141074,5076256.10735802,0.07762491405162684,0.9732447765436545,11.130685285603041,45.81999937535231
665717.02141074,5076256.10735802,2.579548473908684e-10,0.9999999999259114,11.133258064835339,45.81995134960601
665917.02141074,5076256.10735802,2.589783754135499e-10,0.9999999999255585,11.135830837544237,45.81990326596966
666117.02141074,5076256.10735802,2.668513146778908e-10,0.9999999999228449,11.138403603721898,45.81985512444366
666317.02141074,5076256.10735802,5.24239216032123e-10,0.9999999998341302,11.140976363360487,45.81980692502838
666517.02141074,5076256.10735802,2.0117453447959164e-09,0.9999999993214269,11.143549116452158,45.81975866772419
666717.02141074,5076256.10735802,0.026595111548794306,0.9908333792021354,11.146121862989082,45.8197103525315
666917.02141074,5076256.10735802,3.3401752133986886e-09,0.9999999988635527,11.148694602963417,45.81966197945069
667117.02141074,5076256.10735802,2.3321721178605893e-09,0.9999999992109844,11.151267336367328,45.81961354848213
667317.02141074,5076256.10735802,1.1801264013949545e-09,0.9999999996080636,11.153840063192973,45.819565059626235
667517.02141074,5076256.10735802,0.01704076825916759,0.9941265047785991,11.156412783432522,45.819516512883375
667717.02141074,5076256.10735802,0.016900927076553027,0.9941747042791981,11.158985497078133,45.819467908253934
667917.02141074,5076256.10735802,0.014482297325486325,0.9950083410087764,11.16155820412197,45.8194192457383
668117.02141074,5076256.10735802,0.025621393352099845,0.9911689937180262,11.164130904556195,45.81937052533687
668317.02141074,5076256.10735802,0.37705732629254385,0.8700384644736906,11.166703598372976,45.81932174705004
668517.02141074,5076256.10735802,0.5825191318119125,0.7992212972198359,11.169276285564472,45.81927291087817
668717.02141074,5076256.10735802,0.5752776176567191,0.8017172526982917,11.171848966122848,45.81922401682168
668917.02141074,5076256.10735802,0.5708159387899899,0.8032550735976042,11.174421640040268,45.81917506488094
669117.02141074,5076256.10735802,0.5374247313547641,0.8147641261719797,11.176994307308897,45.819126055056344
669317.02141074,5076256.10735802,0.5324000651387929,0.8164959936931073,11.179566967920898,45.819076987348296
669517.02141074,5076256.10735802,0.5272544739792343,0.8182695407951844,11.182139621868435,45.81902786175718
669717.02141074,5076256.10735802,0.521987895980553,0.8200847888119402,11.184712269143672,45.8189786782834
669917.02141074,5076256.10735802,0.5166002927564134,0.8219417509741136,11.187284909738773,45.8189294369273
670117.02141074,5076256.10735802,0.516600200891581,0.8219417826374545,11.189857543645905,45.81888013768934
670317.02141074,5076256.10735802,0.5110915614375993,0.8238404627379613,11.192430170857229,45.818830780569854
670517.02141074,5076256.10735802,0.5110915037616379,0.8238404826173165,11.195002791364912,45.81878136556929
670717.02141074,5076256.10735802,0.5054618073957282,0.8257808877847161,11.197575405161121,45.81873189268801
664517.02141074,5076456.10735802,0.0450549406762069,0.9844707717895849,11.117889527112704,45.82203752964444
664717.02141074,5076456.10735802,6.671993762264773e-10,0.9999999997848558,11.120462421587913,45.82198979037539
664917.02141074,5076456.10735802,0.019105840388475008,0.9934147298674288,11.123035309578155,45.821941993210785
665117.02141074,5076456.10735802,0.0011777843901328254,0.9995940493616858,11.12560819107559,45.821894138151
665317.02141074,5076456.10735802,0.015847693703921296,0.9945377255410743,11.128181066072381,45.82184622519641
665517.02141074,5076456.10735802,0.0776249657084939,0.9732447587389196,11.130753934560687,45.82179825434739
665717.02141074,5076456.10735802,2.5795473967184773e-10,0.9999999999259114,11.133326796532668,45.821750225604355
665917.02141074,5076456.10735802,2.589781224688393e-10,0.9999999999255587,11.135899651980488,45.82170213896765
666117.02141074,5076456.10735802,2.668512717835716e-10,0.9999999999228449,11.138472500896302,45.82165399443768
666317.02141074,5076456.10735802,5.242395818510066e-10,0.9999999998341301,11.141045343272276,45.82160579201483
666517.02141074,5076456.10735802,2.011745740068414e-09,0.9999999993214267,11.14361817910057,45.821557531699476
666717.02141074,5076456.10735802,0.02659511684870663,0.990833377375398,11.146191008373346,45.82150921349201
666917.02141074,5076456.10735802,3.3590469280332706e-09,0.9999999988570482,11.148763831082766,45.821460837392785
667117.02141074,5076456.10735802,2.321883631394683e-09,0.9999999992145305,11.15133664722099,45.82141240340225
667317.02141074,5076456.10735802,1.1702927800772275e-09,0.9999999996114529,11.153909456780182,45.821363911520756
667517.02141074,5076456.10735802,0.1362405155892796,0.9530415526535289,11.1564822597525,45.821315361748674
667717.02141074,5076456.10735802,0.016964266510753147,0.9941528728770347,11.159055056130114,45.821266754086416
667917.02141074,5076456.10735802,0.014490646267804993,0.995005463352547,11.161627845905178,45.821218088534366
668117.02141074,5076456.10735802,0.025621345089430193,0.9911690103528725,11.164200629069857,45.821169365092906
668317.02141074,5076456.10735802,0.582519693479457,0.7992211036281154,11.166773405616315,45.82112058376243
668517.02141074,5076456.10735802,0.5752778158143106,0.8017171843986909,11.169346175536713,45.82107174454333
668717.02141074,5076456.10735802,0.5423283917446722,0.8130739661098192,11.171918938823215,45.82102284743598
668917.02141074,5076456.10735802,0.5324000941688982,0.8164959836872095,11.174491695467982,45.82097389244079
669117.02141074,5076456.10735802,0.5272544254325987,0.8182695575279062,11.177064445463179,45.820924879558135
669317.02141074,5076456.10735802,0.5219878285229035,0.8200848120627806,11.179637188800967,45.820875808788415
669517.02141074,5076456.10735802,0.5166002230454857,0.8219417750015985,11.182209925473511,45.820826680132015
669717.02141074,5076456.10735802,0.5110915674486721,0.8238404606661058,11.184782655472974,45.820777493589354
669917.02141074,5076456.10735802,0.5054618378250765,0.8257808772965368,11.187355378791517,45.82072824916078
670117.02141074,5076456.10735802,0.5054617666556921,0.8257809018267126,11.18992809542131,45.820678946846705
670317.02141074,5076456.10735802,0.4826135523816048,0.8336560677613729,11.192500805354511,45.820629586647534
670517.02141074,5076456.10735802,0.4768772583273124,0.8356332142895719,11.195073508583285,45.82058016856366
670717.02141074,5076456.10735802,0.47112574203355917,0.8376156075149619,11.197646205099797,45.82053069259547
664517.02141074,5076656.10735802,0.043451792589933654,0.9850233338868143,11.117957768837632,45.823836422921175
664717.02141074,5076656.10735802,0.04505497096598906,0.9844707613495103,11.120530746064171,45.82378868067323
664917.02141074,5076656.10735802,6.704393955102355e-10,0.999999999783739,11.123103716804984,45.823740880526124
665117.02141074,5076656.10735802,0.000833554138187585,0.9997126962861798,11.125676681052228,45.823693022480214
665317.02141074,5076656.10735802,0.008383969942374102,0.9971102707040157,11.128249638798067,45.82364510653589
665517.02141074,5076656.10735802,0.0818068136392806,0.9718033880491405,11.130822590034658,45.823597132693564
665717.02141074,5076656.10735802,0.0001968788407297827,0.9999321411650588,11.133395534754163,45.82354910095357
665917.02141074,5076656.10735802,2.552835282223482e-10,0.9999999999268321,11.135968472948738,45.82350101131633
666117.02141074,5076656.10735802,2.668511929941561e-10,0.999999999922845,11.138541404610546,45.8234528637822
666317.02141074,5076656.10735802,5.242402878343946e-10,0.9999999998341299,11.141114329731748,45.823404658351585
666517.02141074,5076656.10735802,2.043918206251077e-09,0.9999999993103378,11.1436872483045,45.82335639502486
666717.02141074,5076656.10735802,0.02685984291609998,0.9907421334084541,11.146260160320969,45.82330807380242
666917.02141074,5076656.10735802,1.5102146262179804e-09,0.9999999994942911,11.148833065773312,45.82325969468464
667117.02141074,5076656.10735802,3.340175083578239e-09,0.9999999988635528,11.151405964653687,45.82321125767191
667317.02141074,5076656.10735802,1.152272273064861e-09,0.9999999996176642,11.153978856954263,45.823162762764596
667517.02141074,5076656.10735802,6.979271585109202e-10,0.9999999997742647,11.156551742667192,45.823114209963116
667717.02141074,5076656.10735802,0.012023675845170206,0.9958557618135598,11.159124621784642,45.82306559926785
667917.02141074,5076656.10735802,0.014507782081060414,0.9949995570978527,11.16169749429877,45.82301693067919
668117.02141074,5076656.10735802,0.02516874112966367,0.9913250107843762,11.16427036020174,45.8229682041975
668317.02141074,5076656.10735802,0.5752782448905706,0.8017170365076258,11.166843219485713,45.822919419823194
668517.02141074,5076656.10735802,0.5374244338109225,0.8147642287273522,11.169416072142848,45.82287057755665
668717.02141074,5076656.10735802,0.5219881017707559,0.8200847178815831,11.171988918165312,45.82282167739826
668917.02141074,5076656.10735802,0.5166002779870763,0.8219417560647075,11.174561757545264,45.82277271934842
669117.02141074,5076656.10735802,0.511091530554636,0.8238404733824894,11.177134590274864,45.822723703407505
669317.02141074,5076656.10735802,0.48833461468753625,0.8316841712078276,11.179707416346279,45.82267462957593
669517.02141074,5076656.10735802,0.4768772458493106,0.8356332185904041,11.182280235751668,45.82262549785406
669717.02141074,5076656.10735802,0.47112571127762254,0.8376156181157075,11.184853048483193,45.822576308242304
669917.02141074,5076656.10735802,0.45957701976612714,0.8415961419715423,11.187425854533018,45.82252706074105
670117.02141074,5076656.10735802,0.45377977823328436,0.8435942954590215,11.189998653893305,45.82247775535069
670317.02141074,5076656.10735802,0.45377974152883055,0.8435943081100612,11.192571446556219,45.822428392071636
670517.02141074,5076656.10735802,0.4479672578463423,0.8455977151572375,11.19514423251392,45.82237897090425
670717.02141074,5076656.10735802,0.44213951771476473,0.8476063806927452,11.197717011758574,45.82232949184895
664517.02141074,5076856.10735802,0.0011903097703518074,0.9995897321994588,11.118026017040446,45.82563531554995
664717.02141074,5076856.10735802,0.0442666608874621,0.9847424706656911,11.120599077026156,45.82558757032291
664917.02141074,5076856.10735802,6.671992208733866e-10,0.9999999997848558,11.123172130525381,45.8255397671931
665117.02141074,5076856.10735802,0.029376028943546528,0.9898748716500115,11.125745177530275,45.82549190616089
665317.02141074,5076856.10735802,0.0077691528747324415,0.9973221816380194,11.128318218033002,45.82544398722666
665517.02141074,5076856.10735802,0.08617255667058912,0.9702986336562059,11.130891252025718,45.82539601039079
665717.02141074,5076856.10735802,0.00019688459829568584,0.9999321391805804,11.133464279500583,45.825347975653685
665917.02141074,5076856.10735802,2.579542036215982e-10,0.9999999999259116,11.136037300449757,45.825299883015695
666117.02141074,5076856.10735802,2.668510189213626e-10,0.999999999922845,11.138610314865398,45.82525173247723
666317.02141074,5076856.10735802,5.242419384095476e-10,0.9999999998341293,11.141183322739664,45.82520352403866
666517.02141074,5076856.10735802,2.0794736671076282e-09,0.9999999992980827,11.143756324064718,45.825155257700374
666717.02141074,5076856.10735802,0.02712456470142791,0.9906508909174231,11.146329318832715,45.82510693346276
666917.02141074,5076856.10735802,7.603115192469676e-10,0.9999999997527625,11.148902307035819,45.8250585513262
667117.02141074,5076856.10735802,1.5300505608940062e-09,0.9999999994874541,11.15147528866619,45.82501011129108
667317.02141074,5076856.10735802,2.321883883154066e-09,0.9999999992145304,11.154048263715984,45.82496161335779
667517.02141074,5076856.10735802,7.377655017844343e-10,0.9999999997605336,11.156621232177363,45.82491305752672
667717.02141074,5076856.10735802,0.13795330760008404,0.952451199239698,11.15919419404249,45.82486444379825
667917.02141074,5076856.10735802,0.01685077273691132,0.9941919911333165,11.161767149303522,45.82481577217278
668117.02141074,5076856.10735802,0.5752797761857622,0.8017165087112919,11.164340097952621,45.82476704265066
668317.02141074,5076856.10735802,0.5166006159659563,0.821941639572463,11.166913039981946,45.824718255232334
668517.02141074,5076856.10735802,0.476877241514196,0.8356332200846017,11.16948597538366,45.82466940991816
668717.02141074,5076856.10735802,0.4595770221833349,0.8415961411383956,11.172058904149925,45.82462050670854
668917.02141074,5076856.10735802,0.44796726380610435,0.8455977131030675,11.174631826272897,45.82457154560383
669117.02141074,5076856.10735802,0.24971690619206424,0.9139292879074489,11.17720474174474,45.82452252660448
669317.02141074,5076856.10735802,0.24971684213092468,0.9139293099876035,11.179777650557616,45.82447344971084
669517.02141074,5076856.10735802,0.24388122243902322,0.915940691395971,11.182350552703687,45.8244243149233
669717.02141074,5076856.10735802,0.24388119959189763,0.9159406992707617,11.184923448175113,45.82437512224228
669917.02141074,5076856.10735802,0.23804217107067926,0.91795325561106,11.187496336964054,45.82432587166815
670117.02141074,5076856.10735802,0.2380421569898367,0.9179532604643483,11.190069219062675,45.82427656320131
670317.02141074,5076856.10735802,0.23804214783328476,0.9179532636203659,11.192642094463137,45.82422719684214
670517.02141074,5076856.10735802,0.23804214188086084,0.9179532656720066,11.195214963157603,45.82417777259106
670717.02141074,5076856.10735802,0.23219966834021313,0.9199670094179958,11.197787825138233,45.82412829044844
664517.02141074,5077056.10735802,0.0012682984582540772,0.9995628515929095,11.118094271721908,45.82743420753072
664717.02141074,5077056.10735802,0.00375871283699125,0.9987044726297507,11.120667414474628,45.8273864593244
664917.02141074,5077056.10735802,0.04505491703902256,0.9844707799366876,11.123240550740105,45.827338653211704
665117.02141074,5077056.10735802,6.750719534565623e-10,0.9999999997821423,11.125813680510491,45.827290789193
665317.02141074,5077056.10735802,0.0010089422909904707,0.9996522446994724,11.128386803777946,45.827242867268666
665517.02141074,5077056.10735802,0.1805382097229072,0.9377733269777573,11.130959920534629,45.827194887439084
665717.02141074,5077056.10735802,0.0004077738445669831,0.9998594513202383,11.133533030772696,45.82714684970465
665917.02141074,5077056.10735802,2.6324014148645273e-10,0.9999999999240896,11.13610613448431,45.827098754065744
666117.02141074,5077056.10735802,2.6685047678376904e-10,0.9999999999228453,11.138679231661621,45.82705060052273
666317.02141074,5077056.10735802,5.418286418198844e-10,0.9999999998280676,11.141252322296795,45.82700238907602
666517.02141074,5077056.10735802,2.4967621607476597e-09,0.9999999991542546,11.143825406381989,45.826954119725976
666717.02141074,5077056.10735802,0.038209878695494505,0.986830080849124,11.146398483909358,45.826905792473006
666917.02141074,5077056.10735802,7.603129520582039e-10,0.999999999752762,11.148971554871064,45.826857407317476
667117.02141074,5077056.10735802,1.4117709752573294e-09,0.9999999995282219,11.151544619259266,45.82680896425979
667317.02141074,5077056.10735802,3.3792748899662913e-09,0.9999999988500762,11.15411767706612,45.82676046330031
667517.02141074,5077056.10735802,1.0060704132936148e-09,0.999999999668056,11.15669072828379,45.826711904439456
667717.02141074,5077056.10735802,3.7518960833634294e-09,0.9999999987216436,11.159263772904431,45.82666328767758
667917.02141074,5077056.10735802,0.06182938495926848,0.9786890712765324,11.161836810920207,45.826614613015096
668117.02141074,5077056.10735802,0.3858448776669919,0.8670096314803124,11.164409842323273,45.82656588045238
668317.02141074,5077056.10735802,0.046075649520664154,0.9841189608592141,11.166982867105792,45.82651708998983
668517.02141074,5077056.10735802,0.013386748270349202,0.9953859473501416,11.169555885259921,45.82646824162782
668717.02141074,5077056.10735802,0.010633281551028804,0.9963349933915562,11.172128896777824,45.826419335366765
668917.02141074,5077056.10735802,0.01327894951120542,0.9954231026877809,11.174701901651657,45.826370371207034
669117.02141074,5077056.10735802,0.016626466903343233,0.9942693033310345,11.177274899873582,45.82632134914902
669317.02141074,5077056.10735802,0.021323756502691905,0.9926502737388628,11.17984789143576,45.826272269193126
669517.02141074,5077056.10735802,0.02132379924861104,0.9926502590054923,11.182420876330351,45.82622313133973
669717.02141074,5077056.10735802,0.20879511042699092,0.9280339320659958,11.184993854549514,45.82617393558923
669917.02141074,5077056.10735802,0.20879512738148787,0.928033926222236,11.187566826085412,45.82612468194202
670117.02141074,5077056.10735802,0.20879513819079296,0.9280339224965588,11.190139790930205,45.82607537039849
670317.02141074,5077056.10735802,0.21465141772456775,0.9260154201954605,11.192712749076055,45.82602600095905
670517.02141074,5077056.10735802,0.21465142398748843,0.9260154180367999,11.195285700515122,45.82597657362406
670717.02141074,5077056.10735802,0.21465142832089779,0.9260154165431901,11.197858645239567,45.82592708839395
670917.02141074,5077056.10735802,0.21465143131493572,0.9260154155112256,11.200431583241551,45.825877545269094
664517.02141074,5077256.10735802,0.0022235484721811892,0.9992336025637065,11.11816253288277,45.82923309886351
664717.02141074,5077256.10735802,0.001161330871248005,0.9995997204478316,11.120735758410346,45.82918534767772
664917.02141074,5077256.10735802,0.003758716080557957,0.9987044715117803,11.123308977449916,45.82913753858194
665117.02141074,5077256.10735802,6.671985997959849e-10,0.999999999784856,11.125882189993636,45.82908967157654
665317.02141074,5077256.10735802,0.07608190327757652,0.9737766109241819,11.128455396033663,45.829041746661915
665517.02141074,5077256.10735802,0.15614648809690748,0.9461804984499999,11.131028595562153,45.82899376383843
665717.02141074,5077256.10735802,0.0027732353068873235,0.9990441402721034,11.133601788571267,45.82894572310647
665917.02141074,5077256.10735802,4.666593677467169e-10,0.9999999998539765,11.136174975053159,45.82889762446644
666117.02141074,5077256.10735802,2.6264235953101915e-10,0.9999999999242957,11.138748154999988,45.82884946791871
666317.02141074,5077256.10735802,1.275794809201236e-09,0.9999999995750892,11.141321328403908,45.828801253463666
666517.02141074,5077256.10735802,2.406523120584504e-09,0.9999999991853575,11.143894495257081,45.82875298110167
666717.02141074,5077256.10735802,0.03275493634267618,0.9887102530007469,11.146467655551662,45.82870465083316
666917.02141074,5077256.10735802,7.613966394121601e-10,0.9999999997523885,11.149040809279812,45.82865626265846
667117.02141074,5077256.10735802,0.06911420678413775,0.976178188807247,11.151613956433685,45.828607816578
667317.02141074,5077256.10735802,1.9982095627702465e-09,0.9999999993260923,11.154187097005442,45.828559312592155
667517.02141074,5077256.10735802,0.13282139743762514,0.9542200308694403,11.156760230987242,45.828510750701305
667717.02141074,5077256.10735802,0.29416513809841677,0.8986091759036947,11.15933335837124,45.82846213090585
667917.02141074,5077256.10735802,0.07741857170845123,0.973315897208594,11.1619064791496,45.82841345320617
668117.02141074,5077256.10735802,0.05013586279677332,0.9827195143687402,11.164479593314473,45.828364717602646
668317.02141074,5077256.10735802,0.24158170121645975,0.9167332746141045,11.167052700858026,45.82831592409567
668517.02141074,5077256.10735802,0.14028415774944228,0.95164781778175,11.169625801772412,45.82826707268566
668717.02141074,5077256.10735802,0.06018020309375358,0.9792574999813565,11.172198896049792,45.82821816337295
668917.02141074,5077256.10735802,0.05083967556209495,0.9824769290074795,11.174771983682326,45.828169196157994
669117.02141074,5077256.10735802,0.041248713998677876,0.9857826759196362,11.177345064662171,45.828120171041135
669317.02141074,5077256.10735802,0.03635916181927337,0.9874679732604731,11.179918138981492,45.82807108802278
669517.02141074,5077256.10735802,0.021539829936343617,0.9925757990283377,11.182491206632442,45.82802194710334
669717.02141074,5077256.10735802,0.013386839907332313,0.9953859157653342,11.185064267607181,45.827972748283166
669917.02141074,5077256.10735802,0.011335218027709629,0.9960930547366075,11.187637321897876,45.82792349156269
670117.02141074,5077256.10735802,0.011335206699487295,0.9960930586411415,11.190210369496679,45.82787417694228
670317.02141074,5077256.10735802,0.010633377537719254,0.9963349603075214,11.192783410395755,45.82782480442234
670517.02141074,5077256.10735802,0.011281312153219921,0.9961116346440508,11.195356444587262,45.82777537400327
670717.02141074,5077256.10735802,0.011281320847982432,0.9961116316471997,11.19792947206336,45.82772588568545
664517.02141074,5077456.10735802,5.692585012647151e-10,0.9999999998186133,11.118230800523799,45.83103198954831
664717.02141074,5077456.10735802,0.0013621479304095408,0.9995305041999255,11.120804108834072,45.83098423538285
664917.02141074,5077456.10735802,2.6138319627092182e-09,0.9999999991139038,11.123377410655579,45.830936423303804
665117.02141074,5077456.10735802,0.0037949928032227935,0.9986919678995889,11.125950705980475,45.830888553311524
665317.02141074,5077456.10735802,3.3334350398205658e-09,0.9999999988658759,11.128523994800915,45.8308406254064
665517.02141074,5077456.10735802,3.514659218168832e-09,0.9999999988034128,11.131097277109058,45.83079263958883
665717.02141074,5077456.10735802,0.16437722867016297,0.9433435831881782,11.13367055289706,45.83074459585917
665917.02141074,5077456.10735802,0.06188929786721913,0.9786684209059572,11.136243822157073,45.830696494217825
666117.02141074,5077456.10735802,3.3104967503733884e-09,0.9999999988737821,11.138817084881259,45.83064833466516
666317.02141074,5077456.10735802,2.6108758594398674e-09,0.9999999991149227,11.141390341061769,45.83060011720159
666517.02141074,5077456.10735802,0.18984391388414212,0.934565900632334,11.143963590690765,45.83055184182747
666717.02141074,5077456.10735802,6.862536754010816e-11,0.9999999999911682,11.146536833760402,45.8305035085432
666917.02141074,5077456.10735802,0.0008868062406497609,0.999694341716399,11.149110070262836,45.83045511734917
667117.02141074,5077456.10735802,1.9237047937690927e-10,0.9999999999485165,11.151683300190225,45.830406668245736
667317.02141074,5077456.10735802,1.1552002479881077e-09,0.999999999616655,11.154256523534725,45.83035816123332
667517.02141074,5077456.10735802,3.387916506992258e-10,0.9999999998980491,11.156829740288496,45.8303095963123
667717.02141074,5077456.10735802,5.07158778618291e-10,0.9999999998400174,11.159402950443694,45.83026097348304
667917.02141074,5077456.10735802,0.2985631032425941,0.8970933154136901,11.161976153992475,45.83021229274597
668117.02141074,5077456.10735802,0.0050467908134148465,0.99826050673905,11.164549350927,45.830163554101446
668317.02141074,5077456.10735802,0.05013585810866942,0.9827195159846036,11.167122541239426,45.83011475754987
668517.02141074,5077456.10735802,0.006951480891701174,0.9976040112142501,11.16969572492191,45.830065903091636
668717.02141074,5077456.10735802,0.2927144477730918,0.8991091899045568,11.172268901966609,45.830016990727124
668917.02141074,5077456.10735802,0.13586736153365078,0.9531701688364838,11.174842072365683,45.82996802045672
669117.02141074,5077456.10735802,0.06475667942498571,0.9776801114785983,11.17741523611129,45.829918992280824
669317.02141074,5077456.10735802,0.05554131343616932,0.9808564006817708,11.17998839319559,45.82986990619982
669517.02141074,5077456.10735802,0.0508396886300335,0.9824769245033119,11.18256154361074,45.82982076221412
669717.02141074,5077456.10735802,0.046075468740844915,0.9841190231691636,11.185134687348901,45.8297715603241
669917.02141074,5077456.10735802,0.041248628722911115,0.9857827053119032,11.187707824402228,45.82972230053014
670117.02141074,5077456.10735802,0.041248565533159406,0.9857827270917138,11.190280954762882,45.82967298283267
670317.02141074,5077456.10735802,0.03635910474327546,0.987467992933037,11.192854078423023,45.829623607232044
670517.02141074,5077456.10735802,0.03635906914775195,0.9874680052018581,11.195427195374808,45.82957417372867
670717.02141074,5077456.10735802,0.01678836832921876,0.9942135002569503,11.198000305610401,45.829524682322955
664517.02141074,5077656.10735802,0.0013380454250759193,0.9995388116863079,11.118299074645748,45.832830879585075
664717.02141074,5077656.10735802,5.115051047263125e-10,0.9999999998385194,11.120872465746563,45.83278312243977
664917.02141074,5077656.10735802,0.0010654363044645036,0.9996327727300185,11.123445850357852,45.832735307377256
665117.02141074,5077656.10735802,0.05133343102020669,0.982306744759506,11.126019228471769,45.8326874343979
665317.02141074,5077656.10735802,0.07901031424428326,0.9727672662983373,11.128592600080468,45.83263950350211
665517.02141074,5077656.10735802,0.04732838560588175,0.9836871763694033,11.131165965176105,45.83259151469025
665717.02141074,5077656.10735802,3.42805643880656e-09,0.9999999988332624,11.133739323750836,45.8325434679627
665917.02141074,5077656.10735802,8.210909677538825e-10,0.9999999997318134,11.136312675796818,45.83249536331984
666117.02141074,5077656.10735802,1.966609307658508,0.32216257952008553,11.138886021306202,45.83244720076208
666317.02141074,5077656.10735802,2.090504772436354,0.27945913968128944,11.141459360271147,45.83239898028978
666517.02141074,5077656.10735802,3.222747497555193e-09,0.9999999989040269,11.144032692683808,45.83235070190332
666717.02141074,5077656.10735802,0.000318731634925601,0.9998901417789193,11.14660601853634,45.83230236560313
666917.02141074,5077656.10735802,3.970811121214764e-09,0.9999999986461895,11.149179337820904,45.83225397138953
667117.02141074,5077656.10735802,1.594089410442401e-09,0.9999999994653817,11.15175265052965,45.83220551926295
667317.02141074,5077656.10735802,1.966051291068857e-09,0.9999999993371764,11.154325956654738,45.83215700922378
667517.02141074,5077656.10735802,0.17172686372364626,0.9408103613393697,11.156899256188323,45.832108441272375
667717.02141074,5077656.10735802,0.021259021625908304,0.992672586112614,11.15947254912256,45.832059815409146
667917.02141074,5077656.10735802,0.019461752244338215,0.9932920566077416,11.162045835449609,45.83201113163449
668117.02141074,5077656.10735802,0.07693611374292683,0.9734821875142357,11.164619115161626,45.831962389948764
668317.02141074,5077656.10735802,0.05065561089462057,0.9825403711558102,11.167192388250765,45.83191359035239
668517.02141074,5077656.10735802,0.049838188839874134,0.9828221145884722,11.169765654709188,45.83186473284575
668717.02141074,5077656.10735802,0.04423145456327963,0.9847546053402684,11.17233891452905,45.83181581742921
668917.02141074,5077656.10735802,0.24463595292762338,0.9156805560627509,11.174912167702507,45.83176684410318
669117.02141074,5077656.10735802,0.1445529210252583,0.9501764897064107,11.177485414221717,45.83171781286805
669317.02141074,5077656.10735802,0.07372196425127288,0.9745900185369115,11.18005865407884,45.83166872372421
669517.02141074,5077656.10735802,0.06475676398428898,0.9776800823332771,11.18263188726603,45.831619576672054
669717.02141074,5077656.10735802,0.060180305706929,0.9792574646133503,11.185205113775448,45.831570371711976
669917.02141074,5077656.10735802,0.055541288833838603,0.9808564091615336,11.187778333599251,45.83152110884435
670117.02141074,5077656.10735802,0.05083968406036628,0.9824769260783536,11.190351546729596,45.8314717880696
670317.02141074,5077656.10735802,0.04607547182857417,0.9841190221049062,11.192924753158644,45.831422409388104
670517.02141074,5077656.10735802,0.046075423059785285,0.9841190389141982,11.19549795287855,45.83137297280024
664517.02141074,5077856.10735802,0.02319259579358959,0.9920061350178021,11.11836735524938,45.83462976897383
664717.02141074,5077856.10735802,0.0013675033092944836,0.9995286583446278,11.120940829148582,45.83458200884848
664917.02141074,5077856.10735802,0.01107042691017395,0.9961843211245887,11.123514296557497,45.8345341908023
665117.02141074,5077856.10735802,2.8717590505224867e-09,0.9999999990250032,11.126087757468278,45.8344863148357
665317.02141074,5077856.10735802,2.9069595617569136e-10,0.9999999999146264,11.12866121187308,45.834438380949024
665517.02141074,5077856.10735802,0.02810770380802254,0.9903120292668622,11.131234659764058,45.8343903891427
665717.02141074,5077856.10735802,0.12764649553248453,0.9560036805984605,11.133808101133365,45.83434233941704
665917.02141074,5077856.10735802,0.2355082005578875,0.9188266472040478,11.136381535973156,45.834294231772496
666117.02141074,5077856.10735802,3.44954901394791e-10,0.9999999998959248,11.138954964275586,45.83424606620943
666317.02141074,5077856.10735802,9.553276468075054e-10,0.9999999996855456,11.141528386032807,45.83419784272822
666517.02141074,5077856.10735802,8.215800606822846e-10,0.9999999997316449,11.14410180123698,45.83414956132924
666717.02141074,5077856.10735802,0.006192332073857331,0.9978656694269185,11.146675209880254,45.8341012220129
666917.02141074,5077856.10735802,2.5415273059233684e-09,0.9999999991388252,11.149248611954787,45.83405282477958
667117.02141074,5077856.10735802,1.520675604640741e-09,0.9999999994906854,11.151822007452735,45.834004369629646
667317.02141074,5077856.10735802,0.08094502521404331,0.9721004233783744,11.154395396366251,45.83395585656352
667517.02141074,5077856.10735802,0.02633471966182257,0.9909231292934705,11.156968778687494,45.83390728558156
667717.02141074,5077856.10735802,0.02211896776386961,0.9923761857703345,11.159542154408616,45.833858656684164
667917.02141074,5077856.10735802,0.023912134459200218,0.9917581293609874,11.162115523521775,45.83380996987171
668117.02141074,5077856.10735802,0.01825402512559371,0.9937083277154005,11.164688886019125,45.833761225144606
668317.02141074,5077856.10735802,0.018254107879787075,0.9937082991922521,11.167262241892825,45.833712422503226
668517.02141074,5077856.10735802,0.05040743473010111,0.9826259108156353,11.169835591135028,45.83366356194797
668717.02141074,5077856.10735802,0.04983818549451169,0.9828221157415289,11.172408933737893,45.83361464347923
668917.02141074,5077856.10735802,0.044231456949245816,0.9847546045178899,11.174982269693576,45.83356566709738
669117.02141074,5077856.10735802,0.2446358926438761,0.9156805768409398,11.177555598994232,45.83351663280281
669317.02141074,5077856.10735802,0.2900094850376605,0.9000415179251651,11.180128921632019,45.83346754059595
669517.02141074,5077856.10735802,0.14028415646240902,0.9516478182253558,11.182702237599093,45.83341839047715
669717.02141074,5077856.10735802,0.06927070029975486,0.9761242496946144,11.185275546887611,45.8333691824468
669917.02141074,5077856.10735802,0.0647567990176632,0.9776800702582137,11.187848849489733,45.83331991650533
670117.02141074,5077856.10735802,0.06018035312613437,0.9792574482692235,11.190422145397612,45.83327059265311
670317.02141074,5077856.10735802,0.055541334925065834,0.9808563932751252,11.192995434603407,45.833221210890514
664517.02141074,5078056.10735802,4.300149925745158e-11,1.0,11.118435642335454,45.83642865771455
664717.02141074,5078056.10735802,0.0021648005877326127,0.999253851381964,11.121009199040888,45.836380894608965
664917.02141074,5078056.10735802,0.014130192448989526,0.995129702104902,11.123582749255275,45.836333073578956
665117.02141074,5078056.10735802,3.416501754808065e-10,0.9999999998970638,11.126156292970768,45.8362851946249
665317.02141074,5078056.10735802,0.12547799768050988,0.9567511035790224,11.128729830179518,45.83623725774717
665517.02141074,5078056.10735802,2.433807982036719e-09,0.9999999991759532,11.131303360873682,45.836189262946164
665717.02141074,5078056.10735802,0.9380767535667028,0.6766701325177515,11.13387688504541,45.836141210222245
665917.02141074,5078056.10735802,2.901299409307145,0.0,11.136450402686856,45.8360930995758
666117.02141074,5078056.10735802,7.280275102705706e-10,0.99999999976389,11.139023913790176,45.83604493100724
666317.02141074,5078056.10735802,3.1803560481574113e-09,0.9999999989186381,11.141597418347521,45.835996704516916
666517.02141074,5078056.10735802,0.04277809875876855,0.9852555380602318,11.144170916351047,45.835948420105225
666717.02141074,5078056.10735802,1.7295746356064151e-09,0.9999999994186836,11.146744407792907,45.83590007777256
666917.02141074,5078056.10735802,2.287327665768554e-09,0.999999999226441,11.149317892665259,45.8358516775193
667117.02141074,5078056.10735802,0.1212777837625245,0.958198804531421,11.151891370960252,45.83580321934585
667317.02141074,5078056.10735802,0.03185589180014638,0.9890201295132016,11.154464842670041,45.83575470325255
667517.02141074,5078056.10735802,0.03761978197962012,0.9870334713416703,11.157038307786785,45.83570612923984
667717.02141074,5078056.10735802,0.11701918784306713,0.95966662819204,11.159611766302636,45.83565749730808
667917.02141074,5078056.10735802,0.11590829894883684,0.9600495217640316,11.162185218209748,45.83560880745765
668117.02141074,5078056.10735802,3.2248408549644416e-09,0.9999999989033054,11.164758663500278,45.83556005968896
668317.02141074,5078056.10735802,1.9022934480967086e-09,0.999999999359152,11.167332102166379,45.83551125400239
668517.02141074,5078056.10735802,0.021566081025838475,0.9925667509826892,11.16990553420021,45.835462390398334
668717.02141074,5078056.10735802,0.050407429940316203,0.9826259124665456,11.17247895959392,45.83541346887717
668917.02141074,5078056.10735802,0.04857346389851568,0.9832580313150673,11.175052378339672,45.83536448943931
669117.02141074,5078056.10735802,0.0442314573568937,0.9847546043773846,11.177625790429618,45.835315452085126
669317.02141074,5078056.10735802,0.2415818861820844,0.9167332108614205,11.180199195855911,45.83526635681501
669517.02141074,5078056.10735802,0.24463599021498303,0.9156805432107993,11.182772594610713,45.83521720362937
669717.02141074,5078056.10735802,0.2980245730938407,0.8972789322952273,11.185345986686176,45.83516799252859
669917.02141074,5078056.10735802,0.14028410848643943,0.9516478347613843,11.187919372074456,45.83511872351305
670117.02141074,5078056.10735802,0.0692706975056056,0.9761242506576826,11.19049275076771,45.83506939658316
664717.02141074,5078256.10735802,3.1371832230538003e-09,0.9999999989335187,11.121077575424241,45.83817977972124
664917.02141074,5078256.10735802,0.014419584489128027,0.9950299564394893,11.12365120845195,45.83813195570718
665117.02141074,5078256.10735802,9.735229265287907e-10,0.9999999996792742,11.126224834979999,45.838084073765486
665317.02141074,5078256.10735802,2.9902771813004197e-09,0.9999999989841533,11.128798455000544,45.8380361338965
665517.02141074,5078256.10735802,0.09955835952890055,0.9656849068496691,11.13137206850574,45.83798813610063
665717.02141074,5078256.10735802,6.850811080772106e-11,0.9999999999912086,11.133945675487736,45.83794008037824
665917.02141074,5078256.10735802,1.895244177043882e-09,0.9999999993615817,11.136519275938685,45.837891966729735
666117.02141074,5078256.10735802,0.056745607917003144,0.9804413127122257,11.139092869850739,45.83784379515547
666317.02141074,5078256.10735802,3.1801541742340656e-09,0.9999999989187077,11.141666457216052,45.83779556565585
666517.02141074,5078256.10735802,0.0026617396593416865,0.999082569827905,11.144240038026782,45.83774727823126
666717.02141074,5078256.10735802,0.1121680317242487,0.9613386914418128,11.146813612275073,45.83769893288208
666917.02141074,5078256.10735802,4.949478712836581e-09,0.9999999983088691,11.149387179953084,45.837650529608695
667117.02141074,5078256.10735802,2.8702478831862383e-09,0.9999999990255241,11.151960741052969,45.83760206841149
667317.02141074,5078256.10735802,6.841182147434045e-10,0.9999999997790243,11.15453429556688,45.83755354929086
667517.02141074,5078256.10735802,0.03521885184203004,0.9878610074897575,11.157107843486969,45.837504972247196
667717.02141074,5078256.10735802,0.03930291301820105,0.9864533412685015,11.159681384805394,45.83745633728088
667917.02141074,5078256.10735802,0.04118409363215978,0.9858049488247738,11.162254919514305,45.83740764439228
668117.02141074,5078256.10735802,0.11701923135743177,0.9596666131938069,11.164828447605858,45.837358893581815
668317.02141074,5078256.10735802,0.11635106927898693,0.9598969107206017,11.167401969072206,45.83731008484986
668517.02141074,5078256.10735802,0.11590837537940546,0.9600494954204668,11.169975483905507,45.83726121819681
668717.02141074,5078256.10735802,0.028584704444057366,0.9901476199561541,11.17254899209791,45.83721229362304
668917.02141074,5078256.10735802,1.913861100648241e-09,0.9999999993551649,11.175122493641574,45.83716331112897
669117.02141074,5078256.10735802,0.044506461018065054,0.9846598179998417,11.177695988528653,45.83711427071496
669317.02141074,5078256.10735802,0.0442314571365413,0.9847546044533342,11.180269476751297,45.837065172381415
669517.02141074,5078256.10735802,0.035286842758947654,0.987837572846404,11.18284295830167,45.83701601612874
669717.02141074,5078256.10735802,0.24463595805794613,0.9156805542944664,11.18541643317192,45.83696680195731
669917.02141074,5078256.10735802,0.2872712357864133,0.9009853189139578,11.187989901354204,45.83691752986751
670117.02141074,5078256.10735802,0.14455286864038175,0.950176507762071,11.19056336284068,45.836868199859765
664917.02141074,5078456.10735802,3.146679450501898e-09,0.9999999989302456,11.123719674148278,45.839930837186984
665117.02141074,5078456.10735802,0.004013825866484052,0.9986165420188395,11.126293383496735,45.83988295225745
665317.02141074,5078456.10735802,0.0040644866955918775,0.9985990805914026,11.128867086336923,45.83983500939702
665517.02141074,5078456.10735802,7.33408985109875e-10,0.9999999997620351,11.131440782660997,45.839787008606095
665717.02141074,5078456.10735802,0.44466773619641653,0.8467349716704364,11.134014472461107,45.839738949885046
665917.02141074,5078456.10735802,0.041317506457598054,0.9857589650062777,11.136588155729404,45.83969083323426
666117.02141074,5078456.10735802,0.009639441669976162,0.9966775433117331,11.139161832458043,45.83964265865412
666317.02141074,5078456.10735802,0.19487122368947044,0.9328331219369413,11.141735502639172,45.839594426145005
666517.02141074,5078456.10735802,0.0007197852941946943,0.9997519093517564,11.144309166264948,45.839546135707316
666717.02141074,5078456.10735802,1.4559487685734268e-09,0.999999999512995,11.146882823327518,45.839497787341436
666917.02141074,5078456.10735802,1.4847437396767344e-09,0.9999999995030702,11.14945647381904,45.839449381047736
667117.02141074,5078456.10735802,0.051768295994046996,0.9821568584801196,11.152030117731663,45.83940091682659
667317.02141074,5078456.10735802,2.473996364653201e-09,0.9999999991621014,11.154603755057538,45.83935239467844
667517.02141074,5078456.10735802,2.4752757940871695e-09,0.9999999991616604,11.15717738578882,45.83930381460362
667717.02141074,5078456.10735802,0.03614215173012613,0.9875427708109963,11.159751009917663,45.83925517660254
667917.02141074,5078456.10735802,0.039303149850957966,0.9864532596386096,11.16232462743622,45.83920648067559
668117.02141074,5078456.10735802,0.04118405573131926,0.9858049618881757,11.164898238336642,45.83915772682315
668317.02141074,5078456.10735802,0.043262577750874186,0.9850885511609967,11.167471842611084,45.839108915045614
668517.02141074,5078456.10735802,0.11701926270859231,0.9596666023879037,11.170045440251698,45.839060045343366
668717.02141074,5078456.10735802,0.11635111233063089,0.9598968958818561,11.17261903125064,45.83901111771681
668917.02141074,5078456.10735802,0.11635109690101207,0.9598969012000313,11.17519261560006,45.838962132166316
669117.02141074,5078456.10735802,0.1159083994657282,0.9600494871185582,11.177766193292117,45.83891308869231
669317.02141074,5078456.10735802,0.044506459681055106,0.9846598184606732,11.180339764318962,45.83886398729514
